hospital_name,number_of_trainee,products,country,location,is_it_perceptership,qualified_for_news_mics_program,cognos_id,deleted,id
MEDIZINISCHE UNIVERSITAT,2,"[""1"",""2""]",2,GRAZ,1,1,34-4538,0,1
IST.CLINICO S. AMBROGIO,2,"[""1"",""2""]",10,MILANO,1,1,01-142006,0,2
KLINIKUM NuRNBERG,3,"[""2""]",1,NuRNBERG,1,0,Feb-85,0,3
FONDAZIONE POLIAMBULANZA,2,"[""2""]",10,BRESCIA,1,0,01-144017,0,4
CENTRO CUORE G.B. MORGAGNI,4,"[""2""]",10,CATANIA,1,0,NA,0,5
OSPEDALE G.PASQUINUCCI,3,"[""2""]",10,MASSA,1,0,Jan-39,0,6
FREEMAN HOSPITAL,2,"[""2""]",17,NEWCASTLE,1,0,14-101370,0,7
UMC GRONINGEN,1,"[""3""]",13,GRONINGEN,1,0,90-479,0,8
HOSPITAL SANTA MARIA LISBOA,3,"[""2""]",15,LISBOA,1,0,NA,0,9
AZIENDA OSPED.SPEDALI CIVILI*****,3,"[""3""]",10,BRESCIA,1,0,01-144035,0,10
CLINIQUE SAINT LUC,3,"[""2""]",3,BRUXELLES,1,0,40-680550,0,13
LENS HOSPITAL AND BOIS BERNARD PRIVATE HOSPITAL - Only French Speaking,6,"[""2""]",8,LENS,1,0,NA,0,16
CLINIQUE SAINT AUGUSTIN,0,"[""2""]",8,BORDEUX,0,0,22-331001,0,17
IMM RECHERCHE,0,"[""2""]",8,PARIS,0,0,22-9446,0,18
KLINIKUM OLDENBURG AoR,1,"[""2""]",1,OLDENBURG,1,0,30-3660,0,19
SCHOEN KLINIK VOGTAREUTH,3,"[""2""]",1,VOGTAREUTH,0,0,30-10402,0,22
German Heart Centre,5,"[""2""]",1,MUNICH,0,0,NA,0,23
ASKLEPIOS KLINIKEN HMBG. GMBH,6,"[""2""]",1,HAMBURG,0,0,30-3744,0,24
Olching,4,"[""1""]",1,-,0,0,NA,0,26
FONDAZIONE TOSCANA GABRIELE,3,"[""2""]",10,MASSA,0,0,01-651204,0,28
Azienda Ospedaliera Carlo Poma,5,"[""2""]",10,MANTOVA,0,0,NA,0,32
CATHARINA ZIEKENHUIS,5,"[""2""]",13,EINDHOVEN,0,0,90-650306,0,34
ACD. ZKH. MAASTRICHT,4,"[""2""]",13,MAASTRICHT,0,0,90-931,0,36
UNIVERSITY MEDICAL CENTER - NOT SPECIFIC FOR MEMO 3D RECHORD Training with focus on Complex Mitral Surgery,1,"[""1""]",13,LEIDEN,1,0,NA,0,37
Centro Hospitalar Lisboa Norte,4,"[""2""]",15,LISBOA,0,0,NA,0,38
Nisteri D. O. O.,5,"[""2""]",193,LJUBLJANA,0,0,NA,0,39
Hospital Clinico Universitario Virgen De La Arrixaca,3,"[""2""]",6,MURCIA,0,0,NA,0,40
KAROLINSKA UNIVERSITY HOSPITAL,5,"[""2""]",18,STOCKHOLM,1,0,NA,0,42
NEWCASTLE UPON TYNE HOSPITALS,5,"[""2""]",17,NEWCASTLE,0,0,14-101370,0,44
The Chinese University Of Hong Kong - Prince of Wales Hospital,4,"[""1""]",5,HONG KONG,0,0,NA,0,46
Clinica Las Condes,2,"[""2""]",68,SANTIAGO,0,0,NA,0,47
Tessaloniky-Free Lance Practitioner,3,"[""2""]",9,TESSALONIKY,0,0,NA,0,48
Sheba Medical Center,5,"[""2""]",29,-,0,0,NA,0,49
Tel Aviv Medical Centre,5,"[""2""]",29,TEL AVIV,0,0,NA,0,50
National Heart Institute,4,"[""2""]",136,KUALA LUMPUR,0,0,NA,0,51
Mater Dei Hospital,3,"[""2""]",139,MALTA,0,0,NA,0,52
Hospital Centro Medico Nacional Isste 20 De Noviembre,1,"[""2""]",145,MEXICO CITY,0,0,NA,0,53
"Ramathibodi Hospital, Mahidol University",5,"[""2""]",206,BANGKOK,0,0,NA,0,54
ANKARA UNIVERSITY SCHOOL OF MEDICINE,2,"[""2""]",211,ANKARA,1,0,NA,0,55
Ea Saglik Hizmetleri Tur Ticltd Sti,2,"[""2""]",211,-,0,0,NA,0,56
Acibadem Hospital Istanbul,6,"[""2""]",211,ISTANBUL,0,0,NA,0,57
Cientro De Investigation Crdiovascular Uruguayo,5,"[""2""]",218,MONTEVIDEO,0,0,NA,0,58
ST PETERS HOSPITAL,6,"[""3""]",21,"ALBANY, NY",0,0,85-18315,0,62
BANNER UNIVERSITY MEDICAL CENTER,4,"[""3""]",21,"PHOENIX,	AZ",0,0,85-401462,0,63
AULTMAN HOSPITAL,5,"[""1"",""2"",""3""]",21,"CANTON, OH",0,0,85-710822,0,74
SOUTHLAKE REGIONAL H.C.,7,"[""2""]",4,Toronto,1,1,55-804136,0,76
TRILLIUM HEALTH PARTNERS,5,"[""2""]",4,MISSISSAUGA,0,0,55-804511,0,78
ST MICHAEL S HOSPITAL,5,"[""2""]",4,TORONTO,0,0,55-804911,0,79
UNIVERSITY OF ALBERTA HOSPITAL,5,"[""2""]",4,-,0,0,55-801061,0,80
Gen. Hosp. Nfld,3,"[""2""]",4,-,0,0,NA,0,81
AUSTIN HOSPITAL,4,"[""2""]",24,MELBOURNE,0,0,58-58301,0,84
-,6,"[""2""]",1,-,0,0,NA,0,85
U.Z. LEUVEN,2,"[""2""]",3,LEUVEN,0,0,02-677490,0,86
UNIVERSITY OF ALBERTA HOSPITAL,4,"[""2""]",4,EDMONTON,0,0,55-801061,0,87
REAL HOSPITAL PORTUGUES,4,"[""1"",""2""]",58,RECIFE,1,0,95-15929,0,88
MONASH MEDICAL CENTRE,7,"[""2""]",24,VICTORIA,1,0,58-58312,0,89
Bofarma Company,4,"[""2""]",3,WINKSELE,0,0,NA,0,90
Heart 2004 Consultancy B.v.,5,"[""3""]",13,HAREN,0,0,NA,0,91
HEART INSTITUTE OF MONTREAL,0,"[""2"",""3""]",4,MONTREAL,0,0,NA,0,92
HEART HOSPITAL OF AUSTIN,3,"[""3""]",21,"AUSTIN, TX",0,0,85-18621,0,95
WINCHESTER MEDICAL CENTER,3,"[""1"",""2"",""3""]",21,"WINCHESTER, VA",1,0,85-620054,0,96
MAINE MEDICAL CENTER,3,"[""2"",""3""]",21,"PORTLAND, ME",1,0,85-310355,0,97
PRINCESS ALEXANDRA HOSPITAL,5,"[""2""]",24,BRISBANE,0,0,58-58409,0,98
Schoen Clinic Vogtareuth,5,"[""2""]",1,VOGTAREUTH,0,0,NA,0,100
KINGS COLLEGE HOSPITAL,2,"[""2""]",17,"Denkmark Hill, London SE59RS",1,0,14-101585,0,101
BGS Global Hospitals,2,[],110,Bangalore,0,0,NA,0,102
UNIVERSITAET ROSTOCK,3,"[""2""]",1,Rostock,0,0,30-631056,0,103
MARIA CECILIA HOSPITAL,4,"[""2""]",10,Cotignola,1,0,01-243005,0,104
MARIA CECILIA HOSPITAL,5,"[""2""]",10,Cotignola (RA),0,0,01-243005,0,105
Maria Cecilia Hospital,5,"[""2""]",10,Cotignola,0,0,01-243005,0,106
AMPHIA ZIEKENHUIS,4,"[""1""]",13,Breda,1,0,90-650902,0,107
Jilin Heart Hospital,3,"[""2""]",5,China,0,0,NA,0,108
ONZE LIEVE VROUWE GASTHUIS,3,"[""1"",""2""]",13,Amsterdam,1,1,90-1187,0,109
ISTITUTO CLINICO SAN ROCCO SPA,4,"[""2""]",10,Ome (BS),1,1,01-144030,0,110
CHA Bundang Medical Center,3,"[""2""]",28,Seoul,0,0,NA,0,111
University Hospital Bern,3,"[""2""]",19,Bern,0,0,NA,0,112
UNIVERSITY OF ALBERTA HOSPITAL,0,"[""3""]",4,"Edmonton, Alberta",0,0,55-801061,0,113
KINGSTON GENERAL HOSPITAL,0,"[""3""]",4,Canada,0,0,55-804212,0,114
UNIVERSITY OF CALGARY,0,"[""2""]",4,Calgari,0,0,NA,0,122
ABBOTT NORTHWESTERN HOSPITAL,0,"[""2""]",21,"MINNEAPOLIS, MN",0,0,85-18057,0,126
BRIGHAM AND WOMENS HOSPITAL,0,"[""2""]",21,"BOSTON, MA",0,0,85-101286,0,127
UNIVERSITAETSKLINIKUM FREIBURG,0,"[""2""]",1,Bad Krozingen,0,0,30-2929,0,131
BARTS HEALTH NHS TRUST,3,"[""2""]",17,London,1,0,14-102340,0,132
ROYAL BROMPTON HOSPITAL,3,"[""2""]",17,London,0,0,14-102040,0,133
HAMMERSMITH HOPITAL,3,"[""1""]",17,London,1,0,NA,0,134
Q.E.II HEALTH SCIENCES CENTRE,3,"[""2""]",4,Canada,0,0,55-807041,0,135
HAMILTON GENERAL HOSPITAL,3,"[""2"",""3""]",4,Canada,0,0,55-804061,0,136
FOOTHILLS HOSPITAL,3,"[""1"",""2""]",4,Canada,1,1,55-801123,0,137
UNIVERSITY OF ALBERTA HOSPITAL,3,"[""1"",""2"",""3""]",4,Edmonton,1,0,55-801061,0,138
ST BONIFACE GENERAL HOSPITAL,3,"[""3""]",4,Canada,0,0,55-803031,0,139
AUCKLAND HOSPITAL,3,"[""1"",""2""]",27,Auckland,1,0,58-58642,0,140
UNIVERSITY MEDICAL CENTER,3,"[""2""]",193,Lubiana,1,0,NA,0,141
REGINA GENERAL HOSPITAL,0,"[""2""]",4,Regina,0,0,55-802031,0,142
GENERAL HOSPITAL,0,"[""1"",""2""]",4,Toronto,0,0,808011,0,143
OCEAN SPRINGS HOSPITAL,0,"[""1"",""2""]",21,"OCEAN SPRINGS, MS",0,0,85-620084,0,145
CIUSSS CTR-QUEST- BENNY FARM,0,"[""2""]",4,MONTReAL,0,0,55-805008,0,146
*NE PLUS UTILISER* UTILISER COMPTE,0,"[""1"",""2""]",8,-,0,0,22-371002,0,147
4WSK WROCLAW,0,"[""1"",""2""]",14,-,0,0,35-85109,0,149
A&A SURGICALS,0,"[""1"",""2""]",110,-,0,0,02-12133,0,151
A.O. S.SEBASTIANO CASERTA,0,"[""1"",""2""]",10,-,0,0,01-90181,0,152
A.O.U.  P.O.UDINE,0,"[""1"",""2""]",10,-,0,0,Jan-82,0,153
A.O.U. S.G.BATTISTA,0,"[""1"",""2""]",10,-,0,0,Jan-77,0,154
A.U.S.L.TERAMO,0,"[""1"",""2""]",10,-,0,0,Jan-93,0,155
AALBORG SYGEHUS,0,"[""1"",""2""]",20,-,0,0,20-620780,0,156
ABERTAWE BRO MORGANNWG UHB,0,"[""1"",""2""]",17,-,0,0,14-102255,0,157
ABIOCON COMERCIAL LTDA ME,0,"[""1"",""2""]",58,-,0,0,95-13454,0,159
ABRAZO ARROWHEAD CAMPUS,0,"[""1"",""2""]",21,"GLENDALE, AZ",0,0,85-16717,0,160
ACCELLAB INC.,0,"[""1"",""2""]",4,-,0,0,55-805131,0,161
ADELAIDE COMMUNITY HEALTHCARE,0,"[""1"",""2""]",24,-,0,0,58-58501,0,162
ADVENTIST HEALTHCARE LTD,0,"[""1"",""2""]",24,-,0,0,58-58218,0,165
ADVENTIST HEALTHCARE WASHINGTON,0,"[""1"",""2""]",21,"TAKOMA PARK, MD",0,0,85-18218,0,166
ADVENTIST MEDICAL CENTER  PORTLAND,0,"[""1"",""2""]",21,"PORTLAND, OR",0,0,85-910792,0,167
AGENZIA REGION.SANIT.ARS,0,"[""1"",""2""]",10,-,0,0,01-11695,0,168
AL JAZEERA MEDICAL EQUIP.,0,"[""1"",""2""]",113,-,0,0,Jan-33,0,171
ALBERTINEN KRANKENHAUS,0,"[""1"",""2""]",1,-,0,0,30-632847,0,174
ALG STEDELIJK ZIEKENHUIS AALST,0,"[""1"",""2""]",3,-,0,0,40-684950,0,176
ALLENORT WARSZAWA,0,"[""1"",""2""]",14,-,0,0,35-5576,0,177
ALSE MEDICA S.R.L.,0,"[""1"",""2""]",10,-,0,0,02-506700,0,179
AMC,0,"[""1"",""2""]",13,-,0,0,90-206,0,180
AMERICAN HEART OF POLAND,0,"[""1"",""2""]",14,-,0,0,35-5992,0,181
ANTHEA SRL,0,"[""1"",""2""]",10,-,0,0,Jan-76,0,185
AO DI BOLOGNA S.ORSOLA,0,"[""1"",""2""]",10,-,0,0,01-93007,0,186
AO ORDINE MAURIZIANO,0,"[""1"",""2""]",10,-,0,0,01-120050,0,187
AO OSPEDALE DI LECCO,0,"[""1"",""2""]",10,-,0,0,01-90640,0,188
AO OSPEDALE S.GERARDO DI MONZA,0,"[""1"",""2""]",10,-,0,0,01-90634,0,189
AO S.CROCE E CARLE CUNEO,0,"[""1"",""2""]",10,-,0,0,01-90167,0,190
AO S.MARIA,0,"[""1"",""2""]",10,-,0,0,01-90637,0,191
AON S.ANTONIO E BIAGIO E CESAR,0,"[""1"",""2""]",10,-,0,0,01-90175,0,192
AOR S.CARLO DI POTENZA,0,"[""1"",""2""]",10,-,0,0,01-97600,0,193
AOU  PO FERRAROTTO CT,0,"[""1"",""2""]",10,-,0,0,Jan-67,0,194
AOU OSP.RIUNITI DI TRIESTE,0,"[""1"",""2""]",10,-,0,0,01-97550,0,195
AOU STUDI DI NAPOLI  FEDERICO,0,"[""1"",""2""]",10,-,0,0,01-380030,0,196
APOLOG GMBH,0,"[""1"",""2""]",1,-,0,0,30-3466,0,197
ARCA AZIENDA REGIONALE,0,"[""1"",""2""]",10,-,0,0,01-12443,0,199
ARCOM MEDICAL DEVICES PVT LTD,0,"[""1"",""2""]",110,-,0,0,02-12123,0,200
ARTEMED CHIRURGISCHES KLINIKUM,0,"[""1"",""2""]",1,-,0,0,30-632442,0,203
ASCENSION ST JOHN HOSPITAL,0,"[""1"",""2""]",21,"DETROIT, MI",0,0,85-18787,0,204
ASCENSION ST MARYS OF MICHIGAN,0,"[""1"",""2""]",21,"SAGINAW, MI",0,0,85-18125,0,205
ASIA HEALTH CARE CO.LTD.,0,"[""1"",""2""]",203,-,0,0,10-Feb,0,207
ASKLEPIOS KLINIK ST.GEORG HH,0,"[""1"",""2""]",1,-,0,0,30-632335,0,208
ASL 2 CHIETI P.O. CHIETI,0,"[""1"",""2""]",10,-,0,0,Jan-45,0,209
ASSOCIAZIONE AMICI DEL CUORE,0,"[""1"",""2""]",10,-,0,0,01-651041,0,211
ASSOMED S.R.L.,0,"[""1"",""2""]",10,-,0,0,02-507878,0,212
ASSPRESS CIRURGICA LTDA,0,"[""1"",""2""]",58,-,0,0,95-10191,0,213
ASST DI LECCO,0,"[""1"",""2""]",10,-,0,0,01-13169,0,214
ATT INTERNATIONAL TRADING,0,"[""1"",""2""]",222,-,0,0,02-10530,0,215
AUCKLAND CARDIOTHORACIC,0,"[""1"",""2""]",27,-,0,0,58-58652,0,216
AULSS 12  P.O. MESTRE,0,"[""1"",""2""]",10,-,0,0,Jan-47,0,217
AULSS 13  P.O. MIRANO,0,"[""1"",""2""]",10,-,0,0,Jan-50,0,218
AURORA BAYCARE MEDICAL CENTER,0,"[""1"",""2""]",21,"GREEN BAY, WI",0,0,85-18443,0,219
AVERA HEART HOSPITAL,0,"[""1"",""2""]",21,"SIOUX FALLS, SD",0,0,85-19086,0,224
AYROMEDIC COMERCIO DE MATERIAL,0,"[""1"",""2""]",58,-,0,0,95-10192,0,225
AZ Delta vzw,0,"[""1"",""2""]",3,-,0,0,40-683550,0,226
AZ Sint  Jan Brugge  Oostende AV,0,"[""1"",""2""]",3,-,0,0,40-682750,0,227
AZ. OSP. OSPEDALI RIUNITI OORR,0,"[""1"",""2""]",10,-,0,0,01-96310,0,228
AZ. PER LA TUTELA DELLA SALUTE,0,"[""1"",""2""]",10,-,0,0,01-99020,0,229
AZ.OSP. P.O. PAPARDO,0,"[""1"",""2""]",10,-,0,0,Jan-37,0,230
AZ.OSP. P.O. SERIATE,0,"[""1"",""2""]",10,-,0,0,Jan-59,0,231
AZ.OSP. SAN FILIPPO NERI,0,"[""1"",""2""]",10,-,0,0,01-95550,0,232
AZ.OSP.NIGUARDA CA'GRANDA,0,"[""1"",""2""]",10,-,0,0,01-142165,0,233
AZ.OSP.OSP.FOND.MACCHI P.O.VA,0,"[""1"",""2""]",10,-,0,0,Jan-47,0,234
AZ.OSP.PAPA GIOVANNI XXIII,0,"[""1"",""2""]",10,-,0,0,01-143015,0,235
AZ.OSP.SPEDALI CIVILI BRESCIA,0,"[""1"",""2""]",10,-,0,0,Jan-34,0,236
AZ.OSP.UN.INT.DI VERONA,0,"[""1"",""2""]",10,-,0,0,Jan-99,0,237
AZ.OSPED.OSP.S.MARTINO******,0,"[""1"",""2""]",10,-,0,0,01-92609,0,238
AZ.OSPED.POLICL.DI BARI,0,"[""1"",""2""]",10,-,0,0,01-90020,0,239
AZ.OSPED.S.GIUSEPPE MOSCATI,0,"[""1"",""2""]",10,-,0,0,01-96350,0,240
AZ.OSPED.UNIV.CAREGGI,0,"[""1"",""2""]",10,-,0,0,01-93605,0,241
AZ.OSPED.UNIV.PISANA,0,"[""1"",""2""]",10,-,0,0,01-93663,0,242
AZ.OSPEDALIERA PADOVA (2250),0,"[""1"",""2""]",10,-,0,0,01-91648,0,243
AZIENDA OSPEDALIERA C.POMA,0,"[""1"",""2""]",10,-,0,0,01-90685,0,244
AZIENDA OSPEDALIERA DEI COLLI,0,"[""1"",""2""]",10,-,0,0,Jan-65,0,245
AZIENDA OSPEDALIERA G.BROTZU,0,"[""1"",""2""]",10,-,0,0,01-99001,0,246
AZIENDA OSPEDALIERA OSPEDALI,0,"[""1"",""2""]",10,-,0,0,01-94243,0,247
AZIENDA OSPEDALIERA S. ANDREA,0,"[""1"",""2""]",10,-,0,0,01-90017,0,248
AZIENDA OSPEDALIERA UNIVERSITA,0,"[""1"",""2""]",10,-,0,0,8-Jan,0,249
AZIENDA POLICLINICO UMBERTO I,0,"[""1"",""2""]",10,-,0,0,01-90014,0,250
AZIENDA PROV.SERVIZI SANITARI,0,"[""1"",""2""]",10,-,0,0,01-91225,0,251
AZIENDA U.L.S.S. 13 MIRANO,0,"[""1"",""2""]",10,-,0,0,01-91611,0,252
AZIENDA ULSS N. 3 SERENISSIMA,0,"[""1"",""2""]",10,-,0,0,01-91601,0,253
AZIENDA ULSS N. 8 BERICA,0,"[""1"",""2""]",10,-,0,0,01-91728,0,254
AZIENDA ZERO,0,"[""1"",""2""]",10,-,0,0,01-15844,0,255
BANNER BAYWOOD MEDICAL CENTER,0,"[""1"",""2""]",21,"MESA, AZ",0,0,85-401025,0,259
BANNER THUNDERBIRD MEDICAL CENTER,0,"[""1"",""2""]",21,"GLENDALE, AZ",0,0,85-401183,0,264
BAPTIST HOSP OF MIAMI,0,"[""1"",""2""]",21,"MIAMI, FL",0,0,85-310811,0,266
BAPTIST HOSPITAL OF SOUTHEAST TX,0,"[""1"",""2""]",21,"BEAUMONT, TX",0,0,85-18339,0,269
BAPTIST MEMORIAL HOSPTIAL  MEMPHIS,0,"[""1"",""2""]",21,"MEMPHIS, TN",0,0,85-403828,0,274
BARNES JEWISH HOSPITAL,0,"[""1"",""2""]",21,"ST LOUIS, MO",0,0,85-620346,0,277
BASILDON & THURROCK UNI HOSPITAL,0,"[""1"",""2""]",17,-,0,0,14-101040,0,278
BAYLOR SCOTT & WHITE ROUND ROCK,0,"[""1"",""2""]",21,"ROUND ROCK, TX",0,0,85-620383,0,287
BAYLOR SCOTT AND WHITE MEDICAL,0,"[""1"",""2""]",21,"TEMPLE, TX",0,0,85-18697,0,288
BEAUMONT HOSPITAL DEARBORN,0,"[""1"",""2""]",21,"DEARBORN, MI",0,0,85-620031,0,291
BEIJING DRS SCIENCE AND,0,"[""1"",""2""]",5,-,0,0,02-10838,0,292
BEIJING JINSHENG CO,0,"[""1"",""2""]",5,-,0,0,Feb-47,0,293
BEIJING SUOLIN NEW CENTURY,0,"[""1"",""2""]",5,-,0,0,Feb-48,0,294
BELGIUM,0,"[""1"",""2""]",3,-,0,0,1300,0,295
BEPEX LTD,0,"[""1"",""2""]",29,-,0,0,Feb-52,0,297
BERLIN HEART GMBH,0,"[""1"",""2""]",1,-,0,0,Feb-73,0,298
BERUFSGENOSSENSCHAFTLICHES,0,"[""1"",""2""]",1,-,0,0,30-3451,0,299
BETHESDA NORTH HOSPITAL,0,"[""1"",""2""]",21,"CINCINNATI, OH",0,0,85-710842,0,302
BFW MANAGEMENT LTD,0,"[""1"",""2""]",17,-,0,0,14-18566,0,303
BICAKCILAR TIBBI CIHAZLAR,0,"[""1"",""2""]",211,-,0,0,Feb-55,0,304
BIO IMPLANTS INDIA (P) LIMITED,0,"[""1"",""2""]",110,-,0,0,15-Feb,0,305
BIOELECTRONIKA,0,"[""1"",""2""]",74,-,0,0,08-716001,0,306
BIOMEDIC  S.A.R.L.,0,"[""1"",""2""]",126,-,0,0,Feb-66,0,307
BIOMEDICA HUNGARIA KFT.,0,"[""1"",""2""]",143,-,0,0,31-Jan,0,309
BIOMEDICA MEDIZINPRODUKTE GMBH,0,"[""1"",""2""]",37,-,0,0,Aug-67,0,310
BIOMEDICA MEDIZINTECHNIK AG,0,"[""1"",""2""]",19,-,0,0,15-Jan,0,311
BIOMEDICA SERVICES AG,0,"[""1"",""2""]",143,-,0,0,08-650070,0,312
BIOMEDICA SLOVAKIA S.R.O.,0,"[""1"",""2""]",37,-,0,0,24-Jan,0,313
BIOMEDICAL DISTRIBUTION MERCOSUR,0,"[""1"",""2""]",58,-,0,0,95-11739,0,314
BIOMEDICAL PRODUTOS CIENTIFICOS MED,0,"[""1"",""2""]",58,-,0,0,95-10196,0,315
BIONORTE PRODUTOS HOSPITALARES LTDA,0,"[""1"",""2""]",58,-,0,0,95-13688,0,316
BLACKPOOL TEACHING HOSPITALS NHS FT,0,"[""1"",""2""]",17,-,0,0,14-101060,0,320
BMI ALEXANDRA HOSPITAL,0,"[""1"",""2""]",17,-,0,0,14-12211,0,321
BMI PARK HOSPITAL,0,"[""1"",""2""]",17,-,0,0,14-101090,0,322
BMI PRIORY HOSPITAL,0,"[""1"",""2""]",17,-,0,0,14-101995,0,323
BMI THORNBURY HOSPITAL,0,"[""1"",""2""]",17,-,0,0,14-101095,0,324
BRAEMAR PRIVATE HOSPITAL,0,"[""1"",""2""]",27,-,0,0,58-58643,0,328
BRIGHTON & SUSSEX NHS FT,0,"[""1"",""2""]",17,-,0,0,14-101935,0,329
BROOKWOOD BAPTIST HEALTH PRINCETON,0,"[""1"",""2""]",21,"BIRMINGHAM, AL",0,0,85-18341,0,331
BUNDESWEHRKRANKENHAUS KOBLENZ,0,"[""1"",""2""]",1,-,0,0,30-3654,0,335
BUPA CROMWELL HOSPITAL,0,"[""1"",""2""]",17,-,0,0,14-101235,0,336
BWC NHS FOUNDATION TRUST,0,"[""1"",""2""]",17,-,0,0,14-101055,0,337
BAPTIST MEDICAL CENTER JACKSON,0,"[""1"",""2""]",21,"JACKSONVILLE, FL",0,0,85-18353,0,338
Beijing Hua Ke Kang Da,0,"[""1"",""2""]",5,-,0,0,Feb-40,0,339
Bydgoszcz Jurasza,0,"[""1"",""2""]",14,-,0,0,35-58942,0,340
C.CURA VILLA MARIA CECILIA SPA,0,"[""1"",""2""]",10,-,0,0,24-Jan,0,341
C.H.R. DE LA CITADELLE  ,0,"[""1"",""2""]",3,-,0,0,40-678820,0,342
CABRINI HOSPITAL,0,"[""1"",""2""]",24,-,0,0,58-58313,0,343
CALMEDICAL SCOTLAND LIMITED,0,"[""1"",""2""]",17,-,0,0,14-10863,0,345
CAPIO CLINIQUE DE LA SAUVEGARDE,0,"[""1"",""2""]",8,-,0,0,22-691006,0,348
CAPIO CLINIQUE DU TONKIN,0,"[""1"",""2""]",8,-,0,0,22-691002,0,349
CARDIAC CARE,0,"[""1"",""2""]",165,-,0,0,02-995092,0,350
CARDIAC CENTER OF THE,0,"[""1"",""2""]",123,-,0,0,Feb-31,0,351
CARDIFF AND  VALE ULHB,0,"[""1"",""2""]",17,-,0,0,14-101155,0,352
CARDIOCENTRO TICINO,0,"[""1"",""2""]",19,-,0,0,32-12840,0,357
CARDIOCLINIC,0,"[""1"",""2""]",1,-,0,0,30-632564,0,358
CARDIOGENESIS SINGLE,0,"[""1"",""2""]",9,-,0,0,02-12180,0,359
CARDIOMED IMP.DIST.PROD. SAUDE EIRE,0,"[""1"",""2""]",58,-,0,0,95-13608,0,360
CARDIOPLAN AG,0,"[""1"",""2""]",123,-,0,0,Feb-35,0,362
CARDIOVIDA COM. DE PROD.,0,"[""1"",""2""]",58,-,0,0,95-10669,0,365
CARMELL INVEST LLP.,0,"[""1"",""2""]",216,-,0,0,Feb-47,0,367
CASA DI C. VILLA MARIA PIA SRL,0,"[""1"",""2""]",10,-,0,0,01-120015,0,373
CASA DI CURA MULTIMEDICA SPA,0,"[""1"",""2""]",10,-,0,0,Jan-66,0,374
CASA DI CURA S. MICHELE S.R.L.,0,"[""1"",""2""]",10,-,0,0,01-384010,0,375
CASA DI CURA SAN GAUDENZIO,0,"[""1"",""2""]",10,-,0,0,Jan-42,0,376
CASA DI CURA VILLA M.BEATRICE,0,"[""1"",""2""]",10,-,0,0,Jan-59,0,377
CASA DI CURA VILLA M.ELEONORA,0,"[""1"",""2""]",10,-,0,0,Jan-55,0,378
CASA DI CURA VILLA MARIA PIA,0,"[""1"",""2""]",10,-,0,0,Jan-57,0,379
CASA DI CURA VILLA VERDE,0,"[""1"",""2""]",10,-,0,0,01-120066,0,380
CDC PRIVATA MONTEVERGINE SPA,0,"[""1"",""2""]",10,-,0,0,01-20058,0,383
CELLPLEX PTY LTD,0,"[""1"",""2""]",24,-,0,0,01-15176,0,385
CENTEGRA HOSPITAL  MCHENRY,0,"[""1"",""2""]",21,"MCHENRY, IL",0,0,85-19289,0,387
CENTRAL CHIRURGICAL S.A.R.L.,0,"[""1"",""2""]",210,-,0,0,02-12900,0,390
CENTRAL MANCHESTER HOSP FDN  462,0,"[""1"",""2""]",17,-,0,0,14-101640,0,392
CENTRE CARDIOLOGIQUE DU NORD,0,"[""1"",""2""]",8,-,0,0,22-931005,0,393
CENTRE CHIR.MARIE LANNELONGUE,0,"[""1"",""2""]",8,-,0,0,22-923012,0,394
CENTRE HOSP. UNIVERSITAIRE,0,"[""1"",""2""]",19,-,0,0,32-320016,0,395
CENTRE HOSPITALIER REGIONAL,0,"[""1"",""2""]",3,-,0,0,40-680340,0,396
CENTRO CARD.FOND.NE MONZINO,0,"[""1"",""2""]",10,-,0,0,01-142111,0,397
"CENTRO MEDICO TEKNON, S.L.",0,"[""1"",""2""]",6,-,0,0,60-700631,0,398
CETRA SRL,0,"[""1"",""2""]",10,-,0,0,Feb-86,0,400
CH DR SCHAFFNER DE LENS,0,"[""1"",""2""]",8,-,0,0,22-623002,0,401
CH POITIERS,0,"[""1"",""2""]",8,-,0,0,22-863001,0,402
CHARITe UNIVERSITAETSMEDIZIN,0,"[""1"",""2""]",1,-,0,0,30-632804,0,405
CHARLESTON AREA MEDICAL CENTER,0,"[""1"",""2""]",21,"CHARLESTON, WV",0,0,85-402892,0,407
CHI MEMORIAL HOSPITAL,0,"[""1"",""2""]",21,"CHATTANOOGA, TN",0,0,85-18135,0,410
CHI ST LUKES MED CTR,0,"[""1"",""2""]",21,"HOUSTON, TX",0,0,85-12639,0,411
CHILDREN & WOMEN S HEALTH,0,"[""1"",""2""]",4,-,0,0,55-800161,0,412
CHILDREN S HOSPITAL OF EASTER,0,"[""1"",""2""]",4,-,0,0,55-804143,0,414
CHILDRENS HOSP COLORADO,0,"[""1"",""2""]",21,"AURORA, CO",0,0,85-610162,0,415
CHINA MEHECO MED TECH SERVICE,0,"[""1"",""2""]",5,-,0,0,02-995852,0,424
CHIROMED MEDIZIN TECHNIK GMBH,0,"[""1"",""2""]",1,-,0,0,30-636021,0,425
CHR FELIX GUYON,0,"[""1"",""2""]",8,-,0,0,22-993004,0,427
CHR METZ THIONVILLE  GPT,0,"[""1"",""2""]",8,-,0,0,22-86117,0,428
CHRISTCHURCH HOSPITAL,0,"[""1"",""2""]",27,-,0,0,58-58641,0,430
CHRISTUS SANTA ROSA,0,"[""1"",""2""]",21,"NEW BRAUNFELS, TX",0,0,85-620092,0,432
CHRISTUS SPOHN HOSPITAL,0,"[""1"",""2""]",21,"CORPUS CHRISTI, TX",0,0,85-19012,0,435
CHRISTUS ST ELIZABETH HOSPITAL,0,"[""1"",""2""]",21,"BEAUMONT, TX",0,0,85-19014,0,436
CHRISTUS ST FRANCES CABRINI,0,"[""1"",""2""]",21,"ALEXANDRIA, LA",0,0,85-18724,0,437
CHRU CAEN,0,"[""1"",""2""]",8,-,0,0,22-86089,0,439
CHRU DE TOURS  TROUSSEAU,0,"[""1"",""2""]",8,-,0,0,22-373001,0,440
CHRU GRENOBLE,0,"[""1"",""2""]",8,-,0,0,22-383002,0,441
CHRU LILLE DIR. DES ACHATS,0,"[""1"",""2""]",8,-,0,0,22-593000,0,442
CHRU LIMOGES DUPUYTREN,0,"[""1"",""2""]",8,-,0,0,22-873001,0,443
CHU AMIENS PHARMACIE,0,"[""1"",""2""]",8,-,0,0,22-803000,0,444
CHU BORDEAUX  PESSAC,0,"[""1"",""2""]",8,-,0,0,22-333010,0,445
CHU CLERMONT FERRAND,0,"[""1"",""2""]",8,-,0,0,22-633000,0,446
CHU D ANGERS,0,"[""1"",""2""]",8,-,0,0,22-493000,0,447
CHU DE MONTPELLIER,0,"[""1"",""2""]",8,-,0,0,22-343002,0,448
CHU DE NANTES,0,"[""1"",""2""]",8,-,0,0,22-443000,0,449
CHU DE REIMS,0,"[""1"",""2""]",8,-,0,0,22-513001,0,450
CHU DE TOULOUSE,0,"[""1"",""2""]",8,-,0,0,22-313001,0,451
CHU DIJON  CELLULE GESTION,0,"[""1"",""2""]",8,-,0,0,22-213001,0,452
CHU NANCY,0,"[""1"",""2""]",8,-,0,0,22-543001,0,453
CHU RENNES,0,"[""1"",""2""]",8,-,0,0,22-353001,0,454
CHU ROUEN  HOPITAL CHARLES NICOLE,0,"[""1"",""2""]",8,-,0,0,22-763000,0,455
CHU SAINT ETIENNE,0,"[""1"",""2""]",8,-,0,0,22-423002,0,456
CHU TIVOLI,0,"[""1"",""2""]",3,-,0,0,40-682010,0,457
CHU UCL Namur asbl,0,"[""1"",""2""]",3,-,0,0,40-680720,0,458
CHU. ST PIERRE,0,"[""1"",""2""]",3,-,0,0,40-670960,0,459
CINCINNATI CHILDRENS HOSPITAL MED,0,"[""1"",""2""]",21,"CINCINNATI, OH",0,0,85-16826,0,461
CITTA DI LECCE HOSPITAL,0,"[""1"",""2""]",10,-,0,0,Jan-74,0,463
CITTA' DI BARI HOSPITAL SPA,0,"[""1"",""2""]",10,-,0,0,01-120037,0,464
CIUSSS CTR QUEST BENNY FARM,0,"[""1"",""2""]",4,-,0,0,55-805008,0,465
CLASSIC HOSPITALS LTD,0,"[""1"",""2""]",17,-,0,0,14-101110,0,466
CLEVELAND CLINIC,3,"[""1"",""2""]",21,"CLEVELAND, OH",1,1,85-402601,0,468
CLEVELAND CLINIC FLORIDA,0,"[""1"",""2""]",21,"WESTON, FL",0,0,85-18544,0,469
CLIENT FORCED BY EPA PROCEDURE,0,"[""1"",""2""]",25,-,0,0,SA-64,0,470
CLIN. UNIVERS. SAINT LUC BRUXELLES,0,"[""1"",""2""]",3,-,0,0,40-674130,0,471
CLINIC.LOG,0,"[""1"",""2""]",1,-,0,0,30-633045,0,472
CLINICA MEDITERRANEA SPA,0,"[""1"",""2""]",10,-,0,0,01-380035,0,473
CLINICA POLISANO,0,"[""1"",""2""]",36,-,0,0,02-12429,0,474
CLINICA QUIRON DE VALENCIA,0,"[""1"",""2""]",6,-,0,0,60-700962,0,475
CLINICHE GAVAZZENI SPA.,0,"[""1"",""2""]",10,-,0,0,01-143005,0,476
CLINIQUE AMBROISE PARE,0,"[""1"",""2""]",8,-,0,0,22-921005,0,477
CLINIQUE BELLEDONNE,0,"[""1"",""2""]",8,-,0,0,22-381003,0,478
CLINIQUE CLAUDE BERNARD,0,"[""1"",""2""]",8,-,0,0,22-571000,0,479
CLINIQUE MILLENAIRE,0,"[""1"",""2""]",8,-,0,0,22-341000,0,480
CLINIQUE PASTEUR,0,"[""1"",""2""]",8,-,0,0,22-311002,0,481
CLINIQUE SAINT AUGUSTIN,5,"[""2""]",8,BORDEUX,1,0,22-331001,0,482
CLINIQUE SAINT JEAN ASBL BRUXELLES,0,"[""1"",""2""]",3,-,0,0,40-670920,0,483
CLINIQUE SAINT PIERRE,0,"[""1"",""2""]",8,-,0,0,22-661001,0,484
CLINIQUES DE L EUROPE,0,"[""1"",""2""]",3,-,0,0,40-673690,0,485
COMESA Polska Sp. z o.o.,0,"[""1"",""2""]",14,-,0,0,35-19211,0,490
COMMUNITY HEART AND VASCULAR,0,"[""1"",""2""]",21,"INDIANAPOLIS, IN",0,0,85-18529,0,492
CONCORDIA INTERNATIONAL LTD,0,"[""1"",""2""]",245,-,0,0,02-651122,0,499
CORAMED COMERCIO DE ARTIGOS MEDICOS,0,"[""1"",""2""]",58,-,0,0,95-10201,0,502
CORPUS CHRISTI MEDICAL CENTER,0,"[""1"",""2""]",21,"CORPUS CHRISTI, TX",0,0,85-620516,0,504
COSTA RICA,0,"[""1"",""2""]",73,-,0,0,1496,0,505
CROZER KEYSTONE HEALTH,0,"[""1"",""2""]",21,"UPLAND, PA",0,0,85-402304,0,508
CS MOTT CHILDRENS HOSPITAL,0,"[""1"",""2""]",21,"ANN ARBOR, MI",0,0,85-19200,0,509
CS SYNERGY SDN BHD,0,"[""1"",""2""]",136,-,0,0,18-Feb,0,510
CSK MSWiA WARSZAWA,0,"[""1"",""2""]",14,-,0,0,35-74024,0,511
CT BV,0,"[""1"",""2""]",13,-,0,0,90-17834,0,512
INSTITUT DE CARDIOLOGIE DE MONTReAL,5,"[""1"",""2"",""3""]",4,MONTREAL,1,1,55-805645,0,513
CTRE  CARDIO THORACIQUE MONACO,0,"[""1"",""2""]",8,-,0,0,22-981000,0,514
CURE MEDICAL & TECHNICAL SUPPLY,0,"[""1"",""2""]",29,-,0,0,Feb-62,0,515
CENTRE HOSPITALIER ANNECY GENEVOIS,0,"[""1"",""2""]",8,-,0,0,22-743000,0,517
DALLAH COMPANY  FOR STORAGE,0,"[""1"",""2""]",113,-,0,0,02-651163,0,518
DAR ALKHALIL MEDICAL SERVICES,0,"[""1"",""2""]",129,-,0,0,02-19385,0,520
DATA DIS TICARET LIMITED,0,"[""1"",""2""]",211,-,0,0,02-650077,0,521
DAVID O HAGAN,0,"[""1"",""2""]",17,-,0,0,14-101250,0,522
DEBORAH HEART & LUNG CTR,0,"[""1"",""2""]",21,"BROWNS MILLS, NJ",0,0,85-11664,0,525
DELRAY MEDICAL CENTER,0,"[""1"",""2""]",21,"DELRAY BEACH, FL",0,0,85-18906,0,529
SSM HEALTH DEPAUL HOSPITAL-ST,0,"[""1"",""2""]",21,"BRIDGETON, MO",0,0,85-101439,0,531
DESERT REGIONAL MEDICAL CENTER,0,"[""1"",""2""]",21,"PALM SPRINGS, CA",0,0,85-100435,0,533
DEUTSCHES HERZZENTRUM BERLIN,0,"[""1"",""2""]",1,-,0,0,30-632323,0,535
DEUTSCHES HERZZENTRUM MUENCHEN,0,"[""1"",""2""]",1,-,0,0,30-3658,0,536
DIENST CARDIALE HASSELT,0,"[""1"",""2""]",3,-,0,0,40-9950,0,539
DIMAMED S.R.L.,0,"[""1"",""2""]",10,-,0,0,01-995358,0,540
DIXIE REGIONAL MEDICAL CTR,0,"[""1"",""2""]",21,"SAINT GEORGE, UT",0,0,85-100906,0,541
DR BENJAMIN,0,"[""1"",""2""]",27,-,0,0,58-58647,0,545
DR. GO WATANABE,0,"[""1"",""2""]",11,-,0,0,Feb-99,0,546
DUKE UNIVERSITY HOSPITAL NORTH,0,"[""1"",""2""]",21,"DURHAM, NC",0,0,85-403581,0,551
Dr.F.Wellens bvba,0,"[""1"",""2""]",3,-,0,0,40-5420,0,552
E.P.S. SPA,0,"[""1"",""2""]",10,-,0,0,01-520979,0,553
EAST ALABAMA MEDICAL CENTER,0,"[""1"",""2""]",21,"OPELIKA, AL",0,0,85-110866,0,555
EASTERN MEDICAL CO.LIMITED.,0,"[""1"",""2""]",177,-,0,0,Feb-98,0,557
ECO PRODUTOS HOSPITALARES LTDA,0,"[""1"",""2""]",58,-,0,0,95-10203,0,558
EGAS AOU SMM UDINE,0,"[""1"",""2""]",10,-,0,0,Jan-98,0,560
EGYPTIAN COMPANY FOR SUPPLIES,0,"[""1"",""2""]",82,-,0,0,Feb-83,0,561
ELDAN ELECTRONIC INSTRUMENT CO,0,"[""1"",""2""]",29,-,0,0,17-Feb,0,563
EMERGENCY ONG ONLUS,0,"[""1"",""2""]",10,-,0,0,01-523020,0,566
ENDOTECNICA EQUIP MEDICOS CA,0,"[""1"",""2""]",221,-,0,0,08-10417,0,572
ENSEMBLE HOSPITALIER DE LA,0,"[""1"",""2""]",19,-,0,0,32-320066,0,573
EPWORTH EASTERN HOSPITAL,0,"[""1"",""2""]",24,-,0,0,58-58302,0,574
EPWORTH HEALTHCARE,0,"[""1"",""2""]",24,-,0,0,58-58309,0,575
EPYGON SAS,0,"[""1"",""2""]",8,-,0,0,22-10259,0,576
ESTAV SUD EST P.O. SIENA,0,"[""1"",""2""]",10,-,0,0,Jan-95,0,578
ESTAV SUD EST*****,0,"[""1"",""2""]",10,-,0,0,01-123010,0,579
EUROMEDICAL SAS,0,"[""1"",""2""]",10,-,0,0,01-700006,0,580
EUROP CONTINENTS SARL,0,"[""1"",""2""]",63,-,0,0,02-10512,0,581
EUROPEAN HOSPITAL SPA,0,"[""1"",""2""]",10,-,0,0,01-10523,0,582
EUROSANITA' S.P.A.,0,"[""1"",""2""]",10,-,0,0,01-120030,0,583
EVANGELISCHES KLINIKUM NIEDER ,0,"[""1"",""2""]",1,-,0,0,30-3641,0,584
EXPRESSA DISTRIBUDORA DE,0,"[""1"",""2""]",58,-,0,0,Feb-58,0,587
EXTRACOR COM E REP. MATERIAL HOSPIT,0,"[""1"",""2""]",58,-,0,0,95-10212,0,588
EurAsia Heart,0,"[""1"",""2""]",19,-,0,0,32-13667,0,589
FERMON LABO SENEGAL S.A.,0,"[""1"",""2""]",247,-,0,0,02-10793,0,593
FLINDERS PRIVATE HOSPITAL,0,"[""1"",""2""]",24,-,0,0,58-58502,0,596
FLORIDA HOSPITAL APOPKA,0,"[""1"",""2""]",21,"APOPKA, FL",0,0,85-18404,0,599
FMS,0,"[""1"",""2""]",117,-,0,0,Feb-48,0,602
FOND.CENTRO S.RAFFAELE*****,0,"[""1"",""2""]",10,-,0,0,01-142120,0,603
FOND.POLICL.UNIV.A.GEMELLI,0,"[""1"",""2""]",10,-,0,0,Jan-65,0,604
FONDAZIONE PTV POLICLINICO,0,"[""1"",""2""]",10,-,0,0,01-995479,0,605
FRANCISCAN HEALTH INDIANAPOLIS,0,"[""1"",""2""]",21,"INDIANAPOLIS, IN",0,0,85-620207,0,610
FRANK NIGHTINGALE,0,"[""1"",""2""]",4,-,0,0,55-809912,0,611
FREMANTLE HOSPITAL,0,"[""1"",""2""]",24,-,0,0,58-58602,0,612
FRIENDS OF CARDIAC SURGERY,0,"[""1"",""2""]",165,-,0,0,02-651091,0,614
FUMEDICA AG,0,"[""1"",""2""]",19,-,0,0,32-4883,0,615
FUNDACAO ADIB JATENE,0,"[""1"",""2""]",58,-,0,0,95-13596,0,616
Foundation Roho Marc Derluyn,0,"[""1"",""2""]",3,-,0,0,40-10085,0,617
Fundacja Slaskiego Centrum Chorob S,0,"[""1"",""2""]",14,-,0,0,35-16135,0,618
G.A. SRL UNIPERSONALE,0,"[""1"",""2""]",10,-,0,0,Jan-40,0,619
G.H.Q. JORDAN ARMED FORCES,0,"[""1"",""2""]",117,-,0,0,02-41885,0,620
G.H.R.M.S.A.,0,"[""1"",""2""]",8,-,0,0,22-11927,0,621
GEELONG PUBLIC HOSPITAL,0,"[""1"",""2""]",24,-,0,0,58-58314,0,624
GEN ALBFARMA SH.P.K,0,"[""1"",""2""]",230,-,0,0,02-995870,0,627
GEN WORLD MEDICAL DEVICES,0,"[""1"",""2""]",110,-,0,0,93-999013,0,628
GENERAL HOSPITAL,0,"[""1"",""2""]",4,-,0,0,55-808011,0,629
GESUNDHEIT NORDHESSEN,0,"[""1"",""2""]",1,-,0,0,30-3656,0,635
GH A.CHENEVIER  H. MONDOR,0,"[""1"",""2""]",8,-,0,0,22-943003,0,636
GHALIOUNGUI TRADING LTD.,0,"[""1"",""2""]",82,-,0,0,02-32325,0,637
GHANA HEALTH SERVICE,0,"[""1"",""2""]",247,-,0,0,02-13799,0,638
GLEN HOSPITAL,0,"[""1"",""2""]",4,-,0,0,55-805679,0,640
GOLD COAST PRIVATE HOSPITAL,0,"[""1"",""2""]",24,-,0,0,58-58410,0,643
GOLD COAST UNI HOSPITAL,0,"[""1"",""2""]",24,-,0,0,58-58451,0,644
GOLDEN JUBILEE NATIONAL HOSPITAL,0,"[""1"",""2""]",17,-,0,0,14-101415,0,645
GOVONI GIUSEPPE,0,"[""1"",""2""]",10,-,0,0,01-534500,0,648
GPC JSC,0,"[""1"",""2""]",93,-,0,0,02-651022,0,649
GREAT ORMOND STREET HOSPITAL,0,"[""1"",""2""]",17,-,0,0,14-101420,0,650
GREENSLOPES PRIVATE HOSPITAL,0,"[""1"",""2""]",24,-,0,0,58-58403,0,651
GROUPEMENT HOSPITALIER EST  HCL,0,"[""1"",""2""]",8,-,0,0,22-693009,0,652
GUANGDONG FUHAI,0,"[""1"",""2""]",5,-,0,0,Feb-39,0,653
GUYS & ST THOMAS  NHS TRUST,0,"[""1"",""2""]",17,-,0,0,14-101435,0,656
GVM SANITA',0,"[""1"",""2""]",10,-,0,0,Jan-95,0,657
Grand Hopital de Charleroi,0,"[""1"",""2""]",3,-,0,0,40-681100,0,659
GuangZhou Sunny Science & Tech,0,"[""1"",""2""]",5,-,0,0,26-Feb,0,660
H.DE LA CAVALE BLANCHE,0,"[""1"",""2""]",8,-,0,0,22-293008,0,661
HARLEY STREET CLINIC,0,"[""1"",""2""]",17,-,0,0,14-101475,0,664
HDL LOGISTICA HOSPITALAR LTDA,0,"[""1"",""2""]",58,-,0,0,95-10674,0,674
HELIOS KLINIK F. HERZCHIRURGIE,0,"[""1"",""2""]",1,-,0,0,30-3632,0,677
HELIOS KLINIKUM SIEGBURG,0,"[""1"",""2""]",1,-,0,0,30-632319,0,678
HERZ U.GEFAESSZENTRUM BEVENSEN,0,"[""1"",""2""]",1,-,0,0,30-3504,0,683
HERZ UND DIABETESZENTRUM NRW,0,"[""1"",""2""]",1,-,0,0,30-635046,0,684
HERZ ZENTRUM BODENSEE GMBH,0,"[""1"",""2""]",1,-,0,0,30-3637,0,685
HERZZENTR. ESSEN HUTTROP GGMBH,0,"[""1"",""2""]",1,-,0,0,30-5077,0,686
HERZZENTRUM DRESDEN GMBH,0,"[""1"",""2""]",1,-,0,0,30-3649,0,687
HERZZENTRUM LEIPZIG GMBH,0,"[""1"",""2""]",1,-,0,0,30-632321,0,688
HESPERIA HOSPITAL MODENA SPA,0,"[""1"",""2""]",10,-,0,0,01-242011,0,689
HESPERIA HOSPITAL SPA,0,"[""1"",""2""]",10,-,0,0,01-18147,0,690
HEYATE OMANAYE ARZI,0,"[""1"",""2""]",112,-,0,0,08-32808,0,691
HIRSLANDEN AG,0,"[""1"",""2""]",19,-,0,0,32-4947,0,695
HIRSLANDEN AG KLINIK IM PARK,0,"[""1"",""2""]",19,-,0,0,32-651396,0,696
HIRSLANDEN BERN AG,0,"[""1"",""2""]",19,-,0,0,32-4073,0,697
HIRSLANDEN LAUSANNE SA,0,"[""1"",""2""]",19,-,0,0,32-320017,0,698
HKZ KLINIKUM HERSFELD ROTEN ,0,"[""1"",""2""]",1,-,0,0,30-3595,0,699
HMMS 188 RECEIVING DEPT,0,"[""1"",""2""]",4,-,0,0,55-804532,0,700
HOAG HOSPITAL NEWPORT BEACH,0,"[""1"",""2""]",21,"NEWPORT BEACH, CA",0,0,85-403349,0,701
HOLY SPIRIT NORTHSIDE PRIVATE,0,"[""1"",""2""]",24,-,0,0,58-58407,0,705
HOP. UNIVERS. BRUGMANN,0,"[""1"",""2""]",3,-,0,0,40-6854,0,707
HOPITAL BICHAT,0,"[""1"",""2""]",8,-,0,0,22-753019,0,708
HOPITAL CIVIL MARIE CURIE,0,"[""1"",""2""]",3,-,0,0,40-6837,0,709
HOPITAL DU SACRE COEUR,0,"[""1"",""2""]",4,-,0,0,55-805028,0,710
HOPITAL ERASME,0,"[""1"",""2""]",3,-,0,0,40-672690,0,711
HOPITAL EUROPEEN G.POMPIDOU,0,"[""1"",""2""]",8,-,0,0,22-753002,0,712
HOPITAL FLEURIMONT (CHUS),0,"[""1"",""2""]",4,-,0,0,55-805202,0,713
HOPITAL JEAN MINJOZ,0,"[""1"",""2""]",8,-,0,0,22-253001,0,714
HOPITAL LA TIMONE,0,"[""1"",""2""]",8,-,0,0,22-133007,0,715
HOPITAL PITIE SALPETRIERE,0,"[""1"",""2""]",8,-,0,0,22-753012,0,716
HOPITAL PRIVE CLAIRVAL,0,"[""1"",""2""]",8,-,0,0,22-131003,0,717
HOPITAL PRIVE PARLY II,0,"[""1"",""2""]",8,-,0,0,22-781001,0,718
HOPITAL PRIVE SAINT MARTIN CAEN,0,"[""1"",""2""]",8,-,0,0,22-141000,0,719
HOPITAL SAINT JOSEPH,0,"[""1"",""2""]",8,-,0,0,22-133001,0,720
HOPITAL UNIVERSITAIRE D.GENEVE,0,"[""1"",""2""]",19,-,0,0,32-320005,0,721
HOPITAUX UNIVERSITAIRES,0,"[""1"",""2""]",8,-,0,0,22-673001,0,722
HOSPITAL INFANTA LUISA,0,"[""1"",""2""]",6,-,0,0,60-700963,0,725
HOSPITAL MEMORIAL SAO JOSE LTDA,0,"[""1"",""2""]",58,-,0,0,95-15933,0,726
HOSPITAL OF THE UNIV OF PA,0,"[""1"",""2""]",21,"PHILADELPHIA, PA",0,0,85-403541,0,727
HOSPITAL UNIV. PUERTA DEL MAR,0,"[""1"",""2""]",6,-,0,0,60-700085,0,729
HOSPITAL UNIV. VIRGEN NIEVES,0,"[""1"",""2""]",6,-,0,0,60-700093,0,730
HOSPITAL VERA CRUZ SA,0,"[""1"",""2""]",58,-,0,0,95-16025,0,731
HOSPITAL VIRGEN DEL ROCIO,0,"[""1"",""2""]",6,-,0,0,60-2671,0,732
HOSPITAL VIRGEN MACARENA,0,"[""1"",""2""]",6,-,0,0,60-700061,0,733
HOSPITEC ENTERPRISES PVT LTD,0,"[""1"",""2""]",156,-,0,0,02-12665,0,734
HOTEL DIEU DE MONTREAL,0,"[""1"",""2""]",4,-,0,0,55-805643,0,735
HOUSTON METHODIST HOSPITAL,1,"[""2""]",21,"HOUSTON, TX",1,0,85-403823,0,736
HOWSHINE ENTERPRISE CO. LTD,0,"[""1"",""2""]",203,-,0,0,02-32840,0,738
HT CONSULTANT,0,"[""1"",""2""]",19,-,0,0,19-Feb,0,739
HUGO LAFONTAINE,0,"[""1"",""2""]",4,-,0,0,55-809932,0,740
HULL & EAST YORKS  NHS FT,0,"[""1"",""2""]",17,-,0,0,14-101165,0,741
HUMANA MEDICAL S.R.L.,0,"[""1"",""2""]",10,-,0,0,02-536290,0,742
HUMANITAS MIRASOLE  SpA,0,"[""1"",""2""]",10,-,0,0,01-142007,0,743
Haukeland sykehus,0,"[""1"",""2""]",23,-,0,0,25-805340,0,745
Hjertecentret A/S,0,"[""1"",""2""]",20,-,0,0,20-11159,0,746
HOPITAL DU VALAIS,0,"[""1"",""2""]",19,-,0,0,32-320014,0,747
ICLAS SRL,0,"[""1"",""2""]",10,-,0,0,Jan-69,0,748
IMELDAZIEKENHUIS VZW,0,"[""1"",""2""]",3,-,0,0,40-677280,0,751
IMKO (RU),0,"[""1"",""2""]",177,-,0,0,Feb-92,0,752
IMKO MEDIZINTECHNIK GMBH,0,"[""1"",""2""]",177,-,0,0,Feb-97,0,753
IMMANUEL KLINIKUM BERNAU,0,"[""1"",""2""]",1,-,0,0,30-3639,0,754
IMPERIAL COLLEGE H/CARE NHS TRUST,0,"[""1"",""2""]",17,-,0,0,14-101460,0,756
IN MEDI COMPANY LTD,0,"[""1"",""2""]",22,-,0,0,02-10560,0,757
INDIANAPOLIS VA MEDICAL CENTER,0,"[""1"",""2""]",21,"INDIANAPOLIS, IN",0,0,85-210576,0,763
INFIRMERIE PROTESTANTE,0,"[""1"",""2""]",8,-,0,0,22-691008,0,764
INKAMED HEALTH SERVICES LTD,0,"[""1"",""2""]",247,-,0,0,02-12424,0,765
INOVA FAIRFAX HOSPITAL,0,"[""1"",""2""]",21,"FALLS CHURCH, VA",0,0,85-620129,0,768
INSEL GRUPPE AG,0,"[""1"",""2""]",19,-,0,0,32-651384,0,771
INST DE MED IN PR FERNANDO FIGUEIRA,0,"[""1"",""2""]",58,-,0,0,95-18340,0,772
INSTITUT A. TZANCK,0,"[""1"",""2""]",8,-,0,0,22-63003,0,773
INSTITUT DE CARDIOLOGIE,0,"[""1"",""2""]",4,-,0,0,55-805006,0,774
INSTITUT HOSP J. CARTIER,0,"[""1"",""2""]",8,-,0,0,22-911008,0,775
INSTITUT MUTUALISTE MONTSOURIS,0,"[""1"",""2""]",8,-,0,0,22-751011,0,776
INSTITUT NATIONAL DE CHIRURGIE,0,"[""1"",""2""]",3,-,0,0,40-670501,0,777
INSTITUT UNVST CARDIO & PNEUMO,0,"[""1"",""2""]",4,-,0,0,55-805811,0,778
INTEGMED LTD,0,"[""1"",""2""]",22,-,0,0,02-40562,0,779
INTELLIMED LTD (GR),0,"[""1"",""2""]",9,-,0,0,02-13629,0,782
INTERCARDIO,0,"[""1"",""2""]",177,-,0,0,02-996083,0,783
INTERMAREX CORPORATION PLC,0,"[""1"",""2""]",129,-,0,0,02-18804,0,785
INTERMOUNTAIN MEDICAL CENTER,0,"[""1"",""2""]",21,"MURRAY, UT",0,0,85-18636,0,786
INTRA CORDIS ZABRZE,0,"[""1"",""2""]",14,-,0,0,35-24885,0,787
IRAN BEHDASHT COMPANY,0,"[""1"",""2""]",112,-,0,0,01-15809,0,788
"ISALA KLINIEKEN, LOC. SOPHIA",0,"[""1"",""2""]",13,-,0,0,90-650913,0,790
ISMETT,2,"[""1"",""2""]",10,Palermo,1,0,01-120268,0,791
ISTITUTO COMPRENSIVO,0,"[""1"",""2""]",10,-,0,0,01-12958,0,792
ISTITUTO GIANNINA GASLINI,0,"[""1"",""2""]",10,-,0,0,01-220015,0,793
ISTITUTO VETERINARIO DI NOVARA,0,"[""1"",""2""]",10,-,0,0,01-18648,0,794
ITAMAX SRL,0,"[""1"",""2""]",75,-,0,0,16-Feb,0,795
ITAMAX SRL**,0,"[""1"",""2""]",75,-,0,0,02-10849,0,796
IVERMEDI LLC,0,"[""1"",""2""]",93,-,0,0,02-10059,0,797
International Invasive Cardiac Care,0,"[""1"",""2""]",13,-,0,0,90-10910,0,798
James A Haley VA Hospital,0,"[""1"",""2""]",21,"TAMPA, FL",0,0,85-311073,0,800
"JAPAN LIFELINE CO., LTD",0,"[""1"",""2""]",11,-,0,0,53-300023,0,802
"JAPAN LIFELINE CO., LTD.",0,"[""1"",""2""]",11,-,0,0,Feb-44,0,803
JASON KATCHMER,0,"[""1"",""2""]",4,-,0,0,55-809928,0,804
JERSEY SHORE UNIVERSITY MEDICAL,0,"[""1"",""2""]",21,"NEPTUNE, NJ",0,0,85-13511,0,805
JOHANNITER KINDERKLINIK,0,"[""1"",""2""]",1,-,0,0,30-631224,0,809
JOHN FLYNN PRIVATE HOSPITAL,0,"[""1"",""2""]",24,-,0,0,58-58404,0,811
JOHN HUNTER HOSPITAL,0,"[""1"",""2""]",24,-,0,0,58-58201,0,812
Joli Coeur BV,0,"[""1"",""2""]",13,-,0,0,90-6053,0,817
KABEG Klagenfurt,0,"[""1"",""2""]",2,-,0,0,34-4544,0,818
KAGES Graz,0,"[""1"",""2""]",2,-,0,0,34-4538,0,819
KAISER FOUNDATION HOSPITAL,0,"[""1"",""2""]",21,"SANTA CLARA, CA",0,0,85-18662,0,820
KAISER PERMANENTE SAN FRANCISCO,0,"[""1"",""2""]",21,"SAN FRANCISCO, CA",0,0,85-620251,0,822
KALISPELL REG HOSP,0,"[""1"",""2""]",21,"KALISPELL, MT",0,0,85-310713,0,825
KARDUS MEDIKAL URUNLER,0,"[""1"",""2""]",211,-,0,0,02-11218,0,828
KAV AKH Wien,0,"[""1"",""2""]",2,-,0,0,34-4565,0,829
KAV Hietzing,0,"[""1"",""2""]",2,-,0,0,34-4569,0,830
KELOWNA GENERAL HOSPITAL,0,"[""1"",""2""]",4,-,0,0,55-800187,0,831
KEMA MEDICAL CO.,0,"[""1"",""2""]",129,-,0,0,01-41913,0,832
KL. D. STADT LUDWIGSHAFEN GGMBH,0,"[""1"",""2""]",1,-,0,0,30-3681,0,835
KL. D. UNIVERSITAET REGENSBURG,0,"[""1"",""2""]",1,-,0,0,30-2920,0,836
KLASIC  VLADO,0,"[""1"",""2""]",19,-,0,0,Feb-34,0,837
KLAUS GuNTER CHRISTIAN DJUREN,0,"[""1"",""2""]",1,-,0,0,30-637008,0,838
KLINIK FuR ANGEBORENE HERZFEHLER,0,"[""1"",""2""]",1,-,0,0,30-15589,0,839
KLINIKGRUPPE DR. GUTH,0,"[""1"",""2""]",1,-,0,0,30-3533,0,840
KLINIKUM AUGSBURG,0,"[""1"",""2""]",1,-,0,0,30-3847,0,841
KLINIKUM BAYREUTH GMBH,0,"[""1"",""2""]",1,-,0,0,30-3484,0,842
KLINIKUM DER UNI FRANKFURT,0,"[""1"",""2""]",1,-,0,0,30-631040,0,843
KLINIKUM DER UNI MUENCHEN,0,"[""1"",""2""]",1,-,0,0,30-632348,0,844
KLINIKUM DER UNIVERSITAET,0,"[""1"",""2""]",1,-,0,0,30-632042,0,845
KLINIKUM FULDA GAG,0,"[""1"",""2""]",1,-,0,0,30-3477,0,846
KLINIKUM LINKS DER WESER GMBH,0,"[""1"",""2""]",1,-,0,0,30-632326,0,847
KLINIKUM NUERNBERG,0,"[""1"",""2""]",1,-,0,0,30-3685,0,848
KLINIKUM PASSAU,0,"[""1"",""2""]",1,-,0,0,30-3661,0,849
KNOX PRIVATE HOSPITAL,0,"[""1"",""2""]",24,-,0,0,58-58307,0,850
KOX MED & LAB PVT.LTD.,0,"[""1"",""2""]",110,-,0,0,02-12635,0,851
KRANKENHAUS DER BARMHERZIGEN,0,"[""1"",""2""]",1,-,0,0,30-3686,0,852
KRONOSAN S.R.L.,0,"[""1"",""2""]",10,-,0,0,01-544900,0,853
KSS PRADNICKA KRAKOW,0,"[""1"",""2""]",14,-,0,0,35-32828,0,854
KUBIS MEDICAL,0,"[""1"",""2""]",133,-,0,0,02-13876,0,856
KYRGYZSTAN,0,"[""1"",""2""]",123,-,0,0,590,0,857
Kliniczny Szp. Wojew. nr 2 Rzeszow,0,"[""1"",""2""]",14,-,0,0,35-74041,0,858
L.U.M.C.,0,"[""1"",""2""]",13,-,0,0,90-983,0,859
LA CHAINE DE L ESPOIR,0,"[""1"",""2""]",8,-,0,0,22-751027,0,860
LA TOUR RESEAU DE SOIN,0,"[""1"",""2""]",19,-,0,0,32-320007,0,861
LAKE MACQUARIE PRVT HOSPITAL,0,"[""1"",""2""]",24,-,0,0,58-58211,0,864
LEEDS GENERAL INFIRMARY,0,"[""1"",""2""]",17,-,0,0,14-4187,0,873
LEEDS TEACHING HOSPITALS,0,"[""1"",""2""]",17,-,0,0,14-101600,0,874
LES CENTRES HOSP. JOLIMONT,0,"[""1"",""2""]",3,-,0,0,40-682020,0,877
LHL Helse AS,0,"[""1"",""2""]",23,-,0,0,25-805240,0,879
LHSC UNIVERSITY HOSPITAL HMMS,0,"[""1"",""2""]",4,-,0,0,55-804531,0,880
LIVANOVA BR COM DIST EQUIP MED HO,0,"[""1"",""2""]",58,-,0,0,95-12115,0,882
LIVERPOOL HEART & CHEST NHS FT,0,"[""1"",""2""]",17,-,0,0,14-101160,0,883
LIVERPOOL HOSPITAL,0,"[""1"",""2""]",24,-,0,0,58-58202,0,884
LOGISAN S.P.A.,0,"[""1"",""2""]",10,-,0,0,01-18140,0,885
LOGMED ARMAZEM E LOGISTICA LTDA,0,"[""1"",""2""]",58,-,0,0,95-15946,0,886
LOMA LINDA UNIVERSITY,0,"[""1"",""2""]",21,"LOMA LINDA, CA",0,0,85-620646,0,887
LONDON BRIDGE HOSPITAL,0,"[""1"",""2""]",17,-,0,0,14-101610,0,889
LONDON INDEPENDENT HOSPITAL,0,"[""1"",""2""]",17,-,0,0,14-101615,0,890
LUTHERAN HOSPITAL,0,"[""1"",""2""]",21,"FORT WAYNE, IN",0,0,85-19030,0,901
LUZERNER KANTONSSPITAL,0,"[""1"",""2""]",19,-,0,0,32-4066,0,902
MACMED COM MATERIAL,0,"[""1"",""2""]",58,-,0,0,95-10223,0,904
MACQUARIE UNIVERSITY HOSPITAL,0,"[""1"",""2""]",24,-,0,0,58-58227,0,905
MALMEDICO SDN BHD,0,"[""1"",""2""]",136,-,0,0,02-44600,0,906
MATER HEALTH NORTH QUEENSLAND,0,"[""1"",""2""]",24,-,0,0,58-58412,0,912
MATER HOSPITAL,0,"[""1"",""2""]",24,-,0,0,58-58223,0,913
MATSEARCH CONSULTING HOFMANN,0,"[""1"",""2""]",19,-,0,0,02-16181,0,914
MAV MAGAZ.UNICO FARM AREA VAST,0,"[""1"",""2""]",10,-,0,0,01-11935,0,915
MAYO CLINIC HOSPITAL  ROCHESTER,0,"[""1"",""2""]",21,"ROCHESTER, MN",0,0,85-620304,0,916
MCLAREN GREATER LANSING,0,"[""1"",""2""]",21,"LANSING, MI",0,0,85-11645,0,919
MED CTR OF CENTRAL GA,0,"[""1"",""2""]",21,"MACON, GA",0,0,85-401622,0,921
MED. HOCHSCHULE HANNOVER,0,"[""1"",""2""]",1,-,0,0,30-631261,0,923
MEDANEX CLINIC BVBA,0,"[""1"",""2""]",3,-,0,0,02-15648,0,924
MEDCORE DANMARK A/S,0,"[""1"",""2""]",20,-,0,0,02-32782,0,925
MEDICA,0,"[""1"",""2""]",165,-,0,0,02-651286,0,928
MEDICAL CAMP EQUIP PRODS,0,"[""1"",""2""]",58,-,0,0,95-10668,0,929
MEDICAL CENTER OF TRINITY,0,"[""1"",""2""]",21,"NEW PORT RICHEY, FL",0,0,85-18736,0,932
MEDICAL EQUIPMENT AGENCY,0,"[""1"",""2""]",202,-,0,0,02-47250,0,934
MEDICAL INSTRUMENTS SPA,0,"[""1"",""2""]",10,-,0,0,01-700004,0,935
MEDICOL MEDIKAL LAB.MLZ.TEM.MA,0,"[""1"",""2""]",211,-,0,0,02-19373,0,939
MEDICUS MUNDI ATTREZZATURE,0,"[""1"",""2""]",10,-,0,0,01-10917,0,940
MEDIKANOVA DOO,0,"[""1"",""2""]",133,-,0,0,02-10947,0,941
MEDISCH SPECTRUM TWENTE,0,"[""1"",""2""]",13,-,0,0,90-997,0,942
MEDISERVE,0,"[""1"",""2""]",110,-,0,0,02-17753,0,943
MEDISUR S.R.L.,0,"[""1"",""2""]",10,-,0,0,02-550620,0,944
"MEDITOP CO., LTD.",0,"[""1"",""2""]",206,-,0,0,02-47246,0,945
MELBOURNE PRIVATE HOSPITAL,0,"[""1"",""2""]",24,-,0,0,58-58308,0,949
MEMORIAL HERMANN TEXAS MEDICAL,0,"[""1"",""2""]",21,"HOUSTON, TX",0,0,85-18041,0,954
MEMORIAL HOSPITAL,0,"[""1"",""2""]",21,"MIDLAND, TX",0,0,85-910826,0,956
MEMORIAL HOSPITAL JACKSONVILLE,0,"[""1"",""2""]",21,"JACKSONVILLE, FL",0,0,85-18624,0,957
MERCY HOSPITAL,0,"[""1"",""2""]",21,"MINNEAPOLIS, MN",0,0,85-620426,0,962
MERCY HOSPITAL  SPRINGFIELD,0,"[""1"",""2""]",21,"SPRINGFIELD, MO",0,0,85-19137,0,964
METHODIST TEXSAN HOSPITAL,0,"[""1"",""2""]",21,"SAN ANTONIO, TX",0,0,85-18871,0,975
MICROMED,0,"[""1"",""2""]",165,-,0,0,93-999066,0,978
MINISTRY OF DEFENCE OF,0,"[""1"",""2""]",82,-,0,0,02-10082,0,982
MISSOURI BAPTIST MEDICAL,0,"[""1"",""2""]",21,"ST LOUIS, MO",0,0,85-620347,0,984
MOANALUA MEDICAL CENTER AND CLINIC,0,"[""1"",""2""]",21,"HONOLULU, HI",0,0,85-18524,0,985
MOBILE INFIRMARY,0,"[""1"",""2""]",21,"MOBILE, AL",0,0,85-19185,0,986
MONTREAL CHILDREN S HOSPITAL,0,"[""1"",""2""]",4,-,0,0,55-805671,0,988
MOUNT PRIVATE HOSPITAL,0,"[""1"",""2""]",24,-,0,0,58-58603,0,991
MT CARMEL EAST HSP,0,"[""1"",""2""]",21,"COLUMBUS, OH",0,0,85-620086,0,992
Macare Medicals,0,"[""1"",""2""]",172,-,0,0,02-650026,0,998
Medicover Sp.z o.o,0,"[""1"",""2""]",14,-,0,0,35-12998,0,999
Medisch Centrum Leeuwarden B.V.,0,"[""1"",""2""]",13,-,0,0,90-659974,0,1000
N.T.SH. AGS   (XZ),0,"[""1"",""2""]",233,-,0,0,Feb-75,0,1001
NATIONAL CAPITAL PRIVATE HOSP,0,"[""1"",""2""]",24,-,0,0,58-58231,0,1003
NEFROMEDICAS SAS,0,"[""1"",""2""]",69,-,0,0,02-650018,0,1008
NEOMEDICA D.O.O. BEOGRAD,0,"[""1"",""2""]",190,-,0,0,27-Feb,0,1010
NEW YORK PRESBYTERIAN COLUMBIA,0,"[""1"",""2""]",21,"NEW YORK, NY",0,0,85-18454,0,1012
NEWCASTLE PRIVATE HOSPITAL,0,"[""1"",""2""]",24,-,0,0,58-58234,0,1014
NGC CDC SOLLIEVO DELLA SOFFERE,0,"[""1"",""2""]",10,-,0,0,01-15254,0,1015
NHS GRAMPIAN,0,"[""1"",""2""]",17,-,0,0,14-101755,0,1016
NHS GREATER GLASGOW AND CLYDE,0,"[""1"",""2""]",17,-,0,0,14-101810,0,1017
NHS LOTHIAN,0,"[""1"",""2""]",17,-,0,0,14-101620,0,1018
NHS SUPPLY CHAIN  B.R.I.,0,"[""1"",""2""]",17,-,0,0,14-10899,0,1019
NHS SUPPLY CHAIN  CASTLE HILL,0,"[""1"",""2""]",17,-,0,0,14-11062,0,1020
NHS SUPPLY CHAIN  GLENFIELD,0,"[""1"",""2""]",17,-,0,0,14-4371,0,1021
NHS SUPPLY CHAIN  PAPWORTH,0,"[""1"",""2""]",17,-,0,0,14-5544,0,1022
NHS SUPPLY CHAIN  RYL SUSSEX CTY,0,"[""1"",""2""]",17,-,0,0,14-5689,0,1023
NHS SUPPLY CHAIN ACCOUNTS (Bristol,0,"[""1"",""2""]",17,-,0,0,14-101765,0,1024
NOE St. Poelten,0,"[""1"",""2""]",2,-,0,0,34-4556,0,1026
NOOR ALISLAM CLINIC FOR,0,"[""1"",""2""]",129,-,0,0,02-12898,0,1027
NORTH FLORIDA REGIONAL,0,"[""1"",""2""]",21,"GAINESVILLE, FL",0,0,85-18751,0,1030
NORTH GOSFORD PRIVATE HOSPITAL,0,"[""1"",""2""]",24,-,0,0,58-58233,0,1031
NORTH SHORE PRIVATE HOSPITAL,0,"[""1"",""2""]",24,-,0,0,58-58206,0,1037
NORWEST PRIVATE HOSPITAL,0,"[""1"",""2""]",24,-,0,0,58-58225,0,1043
NOSHAN TEB CO. LTD.,0,"[""1"",""2""]",112,-,0,0,93-999025,0,1044
NOTTINGHAM UNIVERSITY HOSPITALS,0,"[""1"",""2""]",17,-,0,0,14-101865,0,1045
NOUVELLE CLINIQUE TOURS PLUS,0,"[""1"",""2""]",8,-,0,0,22-13198,0,1046
NUFFIELD HEALTH OXFORD HOSPITAL,0,"[""1"",""2""]",17,-,0,0,14-101880,0,1047
NUFFIELD HOSPITAL LEEDS,0,"[""1"",""2""]",17,-,0,0,14-101595,0,1048
OCHSNER MEDICAL CENTER MAIN CAMPUS,0,"[""1"",""2""]",21,"NEW ORLEANS, LA",0,0,85-402910,0,1054
OHIO HEALTH GRANT MEDICAL CENTER,0,"[""1"",""2""]",21,"COLUMBUS, OH",0,0,85-18577,0,1058
ONTARIO MISCELLANEOUS,0,"[""1"",""2""]",4,-,0,0,55-809991,0,1064
ONZE LIEVE VROUW ZIEKENHUIS AALST,0,"[""1"",""2""]",3,-,0,0,40-684960,0,1065
OPMEMED COMERCIO DE MATERIAL,0,"[""1"",""2""]",58,-,0,0,95-11021,0,1066
ORANGE PARK MEDICAL CENTER,0,"[""1"",""2""]",21,"ORANGE PARK, FL",0,0,85-18813,0,1070
ORTOMED COM. DE MAT HOSPITALARES LT,0,"[""1"",""2""]",58,-,0,0,95-10664,0,1075
OSP. FORLANINI S.CAMILLO,0,"[""1"",""2""]",10,-,0,0,01-700013,0,1077
OSP.SAN FILIPPO NERI,0,"[""1"",""2""]",10,-,0,0,Jan-89,0,1078
OSPEDALE LUIGI SACCO,0,"[""1"",""2""]",10,-,0,0,01-142021,0,1079
OSPEDALE PEDIATRICO BAMBINO,0,"[""1"",""2""]",10,-,0,0,01-94950,0,1080
OSPEDALE POLICLINICO SAN MARTI,0,"[""1"",""2""]",10,-,0,0,Jan-79,0,1081
OSPEDALE SAN CAMILLO FORLANINI,0,"[""1"",""2""]",10,-,0,0,Jan-40,0,1082
OSPEDALI RIUNITI PARMA,0,"[""1"",""2""]",10,-,0,0,22-Jan,0,1083
OSPEDALI RIUNITI UDINE*****,0,"[""1"",""2""]",10,-,0,0,20-Jan,0,1084
OTTAWA CIVIC HOSPITAL,0,"[""1"",""2""]",4,-,0,0,55-804721,0,1085
OXFORD UNIVERSITY HOSP NHS TRUST,0,"[""1"",""2""]",17,-,0,0,14-101905,0,1090
Oslo universitetssykehus HF,0,"[""1"",""2""]",23,-,0,0,25-805640,0,1094
PALMETTO GENERAL HOSPITAL,0,"[""1"",""2""]",21,"HIALEAH, FL",0,0,85-18908,0,1097
PAPWORTH HOSPITAL NHS FDN TRUST,0,"[""1"",""2""]",17,-,0,0,14-101910,0,1099
PARKRIDGE MEDICAL CENTER,0,"[""1"",""2""]",21,"CHATTANOOGA, TN",0,0,85-18853,0,1100
"PAS CARDIOVASCULAR, S.L.",0,"[""1"",""2""]",6,-,0,0,60-700856,0,1104
PCH  PHARMACIE CENTRALE,0,"[""1"",""2""]",38,-,0,0,02-59500,0,1105
PENINSULA PRIVATE,0,"[""1"",""2""]",24,-,0,0,58-58318,0,1106
PERFUSION SERVICES and SUPPLIES,0,"[""1"",""2""]",25,-,0,0,02-11899,0,1108
PIKEVILLE MEDICAL CENTER,0,"[""1"",""2""]",21,"PIKEVILLE, KY",0,0,85-11586,0,1113
PINETA GRANDE SPA,0,"[""1"",""2""]",10,-,0,0,Jan-80,0,1114
POLICLINICO GEMELLI,0,"[""1"",""2""]",10,-,0,0,Jan-90,0,1116
POLICLINICO SAN DONATO SPA,0,"[""1"",""2""]",10,-,0,0,01-142125,0,1117
POLICLINICO SAN MATTEO,0,"[""1"",""2""]",10,-,0,0,01-141010,0,1118
POLICLINICO TOR VERGATA,0,"[""1"",""2""]",10,-,0,0,Jan-91,0,1119
POLITEC IMP. E COM. LTDA,0,"[""1"",""2""]",58,-,0,0,95-59950,0,1120
POLYCLINIQUE BOIS BERNARD,0,"[""1"",""2"",""7""]",8,Lens,0,0,22-621008,0,1121
PORTER REGIONAL HOSPITAL,0,"[""1"",""2""]",21,"VALPARAISO, IN",0,0,85-210326,0,1123
PRESIDIO OSP. LEGNANO,0,"[""1"",""2""]",10,-,0,0,Jan-37,0,1130
PRIME MEDICAL SAL,0,"[""1"",""2""]",126,-,0,0,02-40600,0,1131
PRIMED SAL,0,"[""1"",""2""]",126,-,0,0,Feb-87,0,1132
PRINCE OF WALES HOSPITAL,0,"[""1"",""2""]",24,-,0,0,58-58203,0,1134
PRINCE OF WALES PRIVATE HOSP,0,"[""1"",""2""]",24,-,0,0,58-58204,0,1135
PRO BUONO UAB (LV),0,"[""1"",""2""]",125,-,0,0,Feb-30,0,1139
PRO BUONO UAB (UKR),0,"[""1"",""2""]",216,-,0,0,02-10851,0,1140
PRO VASCULAR REPRES. COMERCIAIS,0,"[""1"",""2""]",58,-,0,0,95-10228,0,1141
PRO VIDA COMERCIO PRODUTOS MEDICOS,0,"[""1"",""2""]",58,-,0,0,95-13601,0,1142
PROF. DR. STEPHEN WILDHIRT,0,"[""1"",""2""]",1,-,0,0,30-10724,0,1143
PROMEDICA COMERCIO E IMP.LTDA BH,0,"[""1"",""2""]",58,-,0,0,95-13455,0,1146
PROMEDICA PROD. HOSP. EIRELI EPP,0,"[""1"",""2""]",58,-,0,0,95-13609,0,1147
PROVIDENCE HEALTH (FKA PROVIDENCE H,0,"[""1"",""2""]",21,"COLUMBIA, SC",0,0,85-18878,0,1151
PT BISAWI TUMBUH SELARAS,0,"[""1"",""2""]",111,-,0,0,Feb-78,0,1158
PT Mursmedic,0,"[""1"",""2""]",111,-,0,0,02-11230,0,1159
PT REKAMILENIUMINDO SELARAS,0,"[""1"",""2""]",111,-,0,0,02-61520,0,1160
PUERTO RICO,0,"[""1"",""2""]",174,-,0,0,1499,0,1161
QL MED  MATERIAIS,0,"[""1"",""2""]",58,-,0,0,95-10231,0,1162
R S DOS SANTOS COMERCIAL ME CARDIO,0,"[""1"",""2""]",58,-,0,0,95-17816,0,1165
RAMSEY LAKE HEALTH CENTRE,0,"[""1"",""2""]",4,-,0,0,55-804234,0,1168
RBG PRODS THERAPEUTICOS S/A,0,"[""1"",""2""]",58,-,0,0,95-10670,0,1171
REGINA GENERAL HOSPITAL,0,"[""1"",""2""]",4,-,0,0,55-802031,0,1172
REGION SYDDANMARK,0,"[""1"",""2""]",20,-,0,0,20-11248,0,1173
REPLANTMED KFT,0,"[""1"",""2""]",143,-,0,0,08-10436,0,1175
RHOEN KLINIKUM AG,2,"[""1"",""2""]",1,"Bad Neustadt an der Saale,",1,0,30-3561,0,1180
RIO TERUMED COMERCIO MAT. CIRURGICO,0,"[""1"",""2""]",58,-,0,0,95-10233,0,1184
ROB VICKERS,0,"[""1"",""2""]",4,-,0,0,55-809934,0,1188
ROBERT BOSCH KH STUTTGART,0,"[""1"",""2""]",1,-,0,0,30-3665,0,1189
ROYAL ADELAIDE HOSPITAL,0,"[""1"",""2""]",24,-,0,0,58-58503,0,1192
ROYAL CHILDREN S HOSPITAL,0,"[""1"",""2""]",24,-,0,0,58-58310,0,1194
ROYAL COLUMBIAN HOSPITAL,0,"[""1"",""2""]",4,-,0,0,55-800131,0,1195
ROYAL JUBILEE HOSPITAL,0,"[""1"",""2""]",4,-,0,0,55-800061,0,1196
ROYAL MELBOURNE HOSPITAL,0,"[""1"",""2""]",24,-,0,0,58-58303,0,1197
ROYAL NORTH SHORE HOSPITAL,0,"[""1"",""2""]",24,-,0,0,58-58205,0,1198
ROYAL PRINCE ALFRED HOSPITAL,0,"[""1"",""2""]",24,-,0,0,58-58210,0,1199
ROYAL UNIVERSITY HOSPITAL,0,"[""1"",""2""]",4,-,0,0,55-802041,0,1200
ROYAL VICTORIA HOSPITAL,0,"[""1"",""2""]",4,-,0,0,55-805673,0,1201
ROYAL WOLVERHAMPTON HOSP,0,"[""1"",""2""]",17,-,0,0,14-101750,0,1202
RSS GRUDZIADZ,0,"[""1"",""2""]",14,-,0,0,35-8721,0,1203
Radboudumc,0,"[""1"",""2""]",13,-,0,0,90-530,0,1207
S.C. POLISANO S.R.L.,0,"[""1"",""2""]",36,-,0,0,02-10621,0,1209
S.S.N. REGIONE PIEMONTE AZ. OS,0,"[""1"",""2""]",10,-,0,0,Jan-79,0,1211
SA.PI.RO SAS,0,"[""1"",""2""]",10,-,0,0,01-15418,0,1213
SAHU SURGICAL EMPORIUM Pvt. Ltd,0,"[""1"",""2""]",110,-,0,0,02-12696,0,1217
SAINT FRANCIS HOSPITAL,0,"[""1"",""2""]",21,"MEMPHIS, TN",0,0,85-17153,0,1220
SAINT FRANCIS HOSPITAL & MED CTR,0,"[""1"",""2""]",21,"HARTFORD, CT",0,0,85-510637,0,1221
SAINT JOHN REGIONAL HOSPITAL,0,"[""1"",""2""]",4,-,0,0,55-806021,0,1222
SALK Salzburg,0,"[""1"",""2""]",2,-,0,0,34-4553,0,1224
SALUS S.P.A.,0,"[""1"",""2""]",10,-,0,0,Jan-93,0,1225
SANA HERZZENTRUM COTTBUS GMBH,0,"[""1"",""2""]",1,-,0,0,30-3648,0,1227
SANA RECHNUNGSWESEN GMBH,0,"[""1"",""2""]",1,-,0,0,30-3679,0,1228
SANFORD HEALTH BISMARCK/SURGER,0,"[""1"",""2""]",21,"BISMARCK, ND",0,0,85-510158,0,1231
SANTA BARBARA COTTAGE HOSPITAL,0,"[""1"",""2""]",21,"SANTA BARBARA, CA",0,0,85-19069,0,1233
SAS HPM NORD,0,"[""1"",""2""]",8,-,0,0,22-6565,0,1236
SAS NOUVEL HOPITAL PRIVE,0,"[""1"",""2""]",8,-,0,0,22-13436,0,1237
SAUDI IMPORT ABDULLATIF,0,"[""1"",""2""]",188,-,0,0,Feb-41,0,1238
SCCHS ZABRZE,0,"[""1"",""2""]",14,-,0,0,02-74300,0,1239
SCEI HOSPITAL E MATER. CELSO PIERRO,0,"[""1"",""2""]",58,-,0,0,95-16148,0,1240
SCHOEN KLINIK VOGTAREUTH,0,"[""1"",""2""]",1,-,0,0,30-3673,0,1241
SCHUECHTERMANN SCHILLER SCHE KL.,0,"[""1"",""2""]",1,-,0,0,30-3684,0,1242
SCP DE MEDECINS CARDIOLOGUES,0,"[""1"",""2""]",8,-,0,0,22-665004,0,1248
SEGEBERGER KLINIKEN GMBH,0,"[""1"",""2""]",1,-,0,0,30-3630,0,1251
SENTARA RMH MEDICAL CENTER,0,"[""1"",""2""]",21,"HARRISONBURG, VA",0,0,85-18614,0,1252
SERCO (FIONA STANLEY HOSPITAL),0,"[""1"",""2""]",24,-,0,0,58-58606,0,1253
SERVISAN S.P.A.,0,"[""1"",""2""]",10,-,0,0,01-577498,0,1254
SETON MEDICAL CENTER,0,"[""1"",""2""]",21,"AUSTIN, TX",0,0,85-620046,0,1255
SGA Skonto,0,"[""1"",""2""]",2,-,0,0,34-6721,0,1256
SHANGHAI KANGYIN EQUIPMENT CO.LTD.,0,"[""1"",""2""]",5,-,0,0,02-18964,0,1258
SHARP MEMORIAL HOSPITAL,0,"[""1"",""2""]",21,"SAN DIEGO, CA",0,0,85-18022,0,1262
SHEFFIELD TEACHING HOSP NHS TRUST,0,"[""1"",""2""]",17,-,0,0,14-101850,0,1265
SIR CHARLES GAIRDNER HOSPITAL,0,"[""1"",""2""]",24,-,0,0,58-58601,0,1272
SK JONSCHERA POZNAN,0,"[""1"",""2""]",14,-,0,0,35-74731,0,1273
SK NR 6 MEDYKoW KATOWICE,0,"[""1"",""2""]",14,-,0,0,35-74023,0,1274
SKPP DLUGA POZNAN,0,"[""1"",""2""]",14,-,0,0,35-74728,0,1275
SLIDELL MEMORIAL HOSPITAL,0,"[""1"",""2""]",21,"SLIDELL, LA",0,0,85-310850,0,1277
SOLENT CS LTD,0,"[""1"",""2""]",17,-,0,0,14-102110,0,1278
SOMANI AGENCIES,0,"[""1"",""2""]",110,-,0,0,02-10272,0,1279
SOMMA PRODUTOS HOSPITALARES LTDA,0,"[""1"",""2""]",58,-,0,0,95-13046,0,1280
SOUTH GEORGIA MEDICAL CENTER,0,"[""1"",""2""]",21,"VALDOSTA, GA",0,0,85-19345,0,1283
SOUTH TEES HOSPITALS NHS FDN TRUST,0,"[""1"",""2""]",17,-,0,0,14-102135,0,1285
SP ZOZ CENTRALNY SZPITAL KLINICZNY,0,"[""1"",""2""]",14,-,0,0,35-13685,0,1289
SPADA COM. IMP. MANUTENCAO LTDA,0,"[""1"",""2""]",58,-,0,0,95-13645,0,1290
SPAIN,0,"[""1"",""2""]",6,-,0,0,200,0,1291
SPECIAL INTERNAL CUSTOMER,0,"[""1"",""2""]",8,-,0,0,22-12825,0,1294
SPECIALITY HOSPITAL (JO),0,"[""1"",""2""]",117,-,0,0,30-15281,0,1295
SPEDITION HOLENSTEIN,0,"[""1"",""2""]",1,-,0,0,30-9092,0,1297
SPIRE BRISTOL HOSPITAL,0,"[""1"",""2""]",17,-,0,0,14-12357,0,1298
SPIRE HEALTHCARE LTD,0,"[""1"",""2""]",17,-,0,0,14-101130,0,1299
SPIRE ST ANTHONY S HOSPITAL,0,"[""1"",""2""]",17,-,0,0,14-102180,0,1300
SPITAUL MONZA,0,"[""1"",""2""]",10,-,0,0,Jan-88,0,1301
SSM HEALTH ST MARYS HSPTL - MA,0,"[""1"",""2""]",21,"MADISON, WI",0,0,85-624520,0,1303
ST ANDREWS WAR MEMORIAL HOSP,0,"[""1"",""2""]",24,-,0,0,58-58405,0,1305
ST ANTHONY MED CTR,0,"[""1"",""2""]",21,"ST LOUIS, MO",0,0,85-910781,0,1307
ST BARTHOLOMEW S HOSPITAL,0,"[""1"",""2""]",17,-,0,0,14-102345,0,1309
ST GEORGE PRIVATE HOSPITAL,0,"[""1"",""2""]",24,-,0,0,58-58207,0,1319
ST GEORGES HOSPITAL,0,"[""1"",""2""]",27,-,0,0,58-58648,0,1320
ST JOHN MACOMB HOSPITAL,0,"[""1"",""2""]",21,"WARREN, MI",0,0,85-620384,0,1323
ST JOHN OF GOD,0,"[""1"",""2""]",24,-,0,0,58-58604,0,1324
ST JOSEPH REGIONAL MEDICAL CENTER,0,"[""1"",""2""]",21,"PATERSON, NJ",0,0,85-210712,0,1331
ST LUKES MED CTR,0,"[""1"",""2""]",21,"MILWAUKEE, WI",0,0,85-620364,0,1339
ST LUKES UNIV HOSPITAL BETHLEHEM,0,"[""1"",""2""]",21,"BETHLEHEM, PA",0,0,85-18507,0,1342
ST MARY S GENERAL HOSPITAL,0,"[""1"",""2""]",4,-,0,0,55-804113,0,1344
ST VINCENT S  HOSPITAL MELB,0,"[""1"",""2""]",24,-,0,0,58-58305,0,1355
ST. ANTONIUS ZIEKENHUIS,0,"[""1"",""2""]",13,-,0,0,90-1347,0,1357
ST. JOSEPH HOSP RECEIVING DEPT,0,"[""1"",""2""]",4,-,0,0,55-804533,0,1358
ST. PAUL S HOSPITAL,0,"[""1"",""2""]",4,-,0,0,55-800071,0,1359
STADTSPITAL TRIEMLI,2,"[""1""]",19,Zurich,1,0,32-651397,0,1360
STAEDT. KLINIKUM BRAUNSCHWEIG,0,"[""1"",""2""]",1,-,0,0,30-3667,0,1361
STAEDT. KLINIKUM MUENCHEN GMBH,0,"[""1"",""2""]",1,-,0,0,30-3444,0,1362
STRATHFIELD PRIVATE HOSPITAL,0,"[""1"",""2""]",24,-,0,0,58-58208,0,1363
SUMMERLIN HOSPITAL MEDICAL CENTER,0,"[""1"",""2""]",21,"LAS VEGAS, NV",0,0,85-11594,0,1366
SUNNYBROOK HOSPITAL,0,"[""1"",""2""]",4,-,0,0,55-804332,0,1367
SUNRISE HOSPITAL & MEDICAL CENTER,0,"[""1"",""2""]",21,"LAS VEGAS, NV",0,0,85-18581,0,1368
SUNSHINE COAST UNIVERSITY PRIV,0,"[""1"",""2""]",24,-,0,0,58-58426,0,1369
SUSANNE MONTAG,0,"[""1"",""2""]",1,-,0,0,30-637012,0,1370
SWEDEN,0,"[""1"",""2""]",18,-,0,0,1230,0,1376
SYDNEY CHILDREN S HOSPITAL,0,"[""1"",""2""]",24,-,0,0,58-58228,0,1378
SYNEX CONSULTING LTD.,0,"[""1"",""2""]",121,-,0,0,02-651095,0,1379
SZPITAL STRUSIA POZNAN,0,"[""1"",""2""]",14,-,0,0,35-85005,0,1380
Shanghai Check Industrial Co. Ltd.,0,"[""1"",""2""]",5,-,0,0,02-13625,0,1381
Shanghai Suolin Jianlong Medical,0,"[""1"",""2""]",5,-,0,0,Feb-49,0,1382
St.Olavs Hospital,0,"[""1"",""2""]",23,-,0,0,25-2459,0,1384
TERAMED EU LTD,0,"[""1"",""2""]",9,-,0,0,02-17776,0,1391
TERAPON  SRL,0,"[""1"",""2""]",10,-,0,0,01-583250,0,1392
TERREBONNE GENERAL MEDICAL CENTER(T,0,"[""1"",""2""]",21,"HOUMA, LA",0,0,85-18424,0,1395
THE ALFRED HOSPITAL,0,"[""1"",""2""]",24,-,0,0,58-58311,0,1396
THE CANBERRA HOSPITAL,0,"[""1"",""2""]",24,-,0,0,58-58232,0,1397
THE HEART HOSPITAL BAYLOR DENTON,0,"[""1"",""2""]",21,"DENTON, TX",0,0,85-18698,0,1399
THE HEART HOSPITAL BAYLOR PLANO,0,"[""1"",""2""]",21,"PLANO, TX",0,0,85-402886,0,1400
THE HOSPITAL FOR SICK CHILDREN,0,"[""1"",""2""]",4,-,0,0,55-804732,0,1401
THE JOHNS HOPKINS HOSPITAL,0,"[""1"",""2""]",21,"BALTIMORE, MD",0,0,85-18684,0,1402
THE PRINCE CHARLES HOSPITAL,0,"[""1"",""2""]",24,-,0,0,58-58406,0,1403
THE STATE CO.FOR MARK.DRUG &,0,"[""1"",""2""]",113,-,0,0,27-Feb,0,1404
THE TOWNSVILLE HOSPITAL,0,"[""1"",""2""]",24,-,0,0,58-58408,0,1405
THE UNIVERSITY OF CHICAGO MEDICAL,0,"[""1"",""2""]",21,"CHICAGO, IL",0,0,85-401308,0,1406
THE VALLEY PRIVATE HOSPITAL,0,"[""1"",""2""]",24,-,0,0,58-58315,0,1407
THE WESLEY HOSPITAL,0,"[""1"",""2""]",24,-,0,0,58-58401,0,1408
TILAK Innsbruck,0,"[""1"",""2""]",2,-,0,0,34-4542,0,1410
TODD MCDOWELL,0,"[""1"",""2""]",4,-,0,0,55-809941,0,1411
TODD WALLACE,0,"[""1"",""2""]",4,-,0,0,55-809920,0,1412
TORONTO GENERAL HOSPITAL,0,"[""1"",""2""]",4,-,0,0,55-804431,0,1416
TRIPLER ARMY MEDICAL CENTER,0,"[""1"",""2""]",21,"HONOLULU, HI",0,0,85-624719,0,1424
TRISTAR CENTENNIAL MEDICAL CENTER,0,"[""1"",""2""]",21,"NASHVILLE, TN",0,0,85-15348,0,1425
TUCSON MEDICAL CENTER,0,"[""1"",""2""]",21,"TUCSON, AZ",0,0,85-403281,0,1427
U.L.S.S.N.9  PRESIDIO TREVISO,0,"[""1"",""2""]",10,-,0,0,Jan-55,0,1430
U.Z. GENT,0,"[""1"",""2""]",3,-,0,0,40-683960,0,1431
U.Z. LEUVEN,2,"[""1"",""2""]",3,LEUVEN,1,1,40-677490,0,1432
UCLH NHS FOUNDATION TRUST,0,"[""1"",""2""]",17,-,0,0,14-102295,0,1435
UCONN JOHN DEMSEY HOSPITAL,0,"[""1"",""2""]",21,"FARMINGTON, CT",0,0,85-402935,0,1436
UF HEALTH HEART AND VASCULAR HSP,0,"[""1"",""2""]",21,"GAINESVILLE, FL",0,0,85-19051,0,1438
UG MEDICAL SERVICES SDN BHD.,0,"[""1"",""2""]",136,-,0,0,02-83303,0,1439
ULTRA HOSPITALAR LTDA,0,"[""1"",""2""]",58,-,0,0,95-10235,0,1440
UMC UTRECHT,0,"[""1"",""2""]",13,-,0,0,90-650172,0,1441
UN CUORE UN MONDO ASSOCIAZIONE,0,"[""1"",""2""]",10,-,0,0,01-651499,0,1442
UNI HOSP COVENTRY & WARWICKSHIRE,0,"[""1"",""2""]",17,-,0,0,14-102400,0,1443
UNI HOSP NORTH MIDLANDS,0,"[""1"",""2""]",17,-,0,0,14-101825,0,1444
UNI HOSPITAL SOUTHAMPTON NHS FT,0,"[""1"",""2""]",17,-,0,0,14-101465,0,1445
UNI KLINIK SCHLESWIG HOLSTEIN,0,"[""1"",""2""]",1,-,0,0,30-631001,0,1446
UNI KLINIK WUERZBURG,0,"[""1"",""2""]",1,-,0,0,30-2912,0,1447
UNI KLINIKUM HEIDELBERG,0,"[""1"",""2""]",1,-,0,0,30-2917,0,1448
UNI KLINIKUM TUEBINGEN,0,"[""1"",""2""]",1,-,0,0,30-631265,0,1449
UNI.MEDIZIN GOETTINGEN,0,"[""1"",""2""]",1,-,0,0,30-2930,0,1450
UNIKLINIK KOELN,0,"[""1"",""2""]",1,-,0,0,30-2932,0,1451
UNIKLINIK SCH. HOL. KIEL HERZCH.,0,"[""1"",""2""]",1,-,0,0,30-2982,0,1452
UNIKLINIKUM DES SAARLANDES,0,"[""1"",""2""]",1,-,0,0,30-631024,0,1453
UNIKLINIKUM DUESSELDORF,0,"[""1"",""2""]",1,-,0,0,30-2983,0,1454
UNIMED DO ESTADO DE SANTA CATARINA,0,"[""1"",""2""]",58,-,0,0,95-18963,0,1455
UNIMED MACEIO COOPER. DE TRABALHO M,0,"[""1"",""2""]",58,-,0,0,95-16166,0,1456
UNIVERSITAETS HERZZENTRUM,0,"[""1"",""2""]",1,Bad Krozingen,0,0,30-3655,0,1474
UNIVERSITAETSKLINIK MAINZ,0,"[""1"",""2""]",1,-,0,0,30-2933,0,1475
UNIVERSITAETSKLINIKUM AACHEN AoR,0,"[""1"",""2""]",1,-,0,0,30-2919,0,1476
UNIVERSITAETSKLINIKUM BONN AOER,0,"[""1"",""2""]",1,-,0,0,30-2925,0,1477
UNIVERSITAETSKLINIKUM ERLANGEN,0,"[""1"",""2""]",1,-,0,0,30-2927,0,1478
UNIVERSITAETSKLINIKUM ESSEN AOER,0,"[""1"",""2""]",1,-,0,0,30-2928,0,1479
UNIVERSITAETSKLINIKUM GIESSEN,0,"[""1"",""2""]",1,-,0,0,30-631042,0,1480
UNIVERSITAETSKLINIKUM HALLE,0,"[""1"",""2""]",1,-,0,0,30-3676,0,1481
UNIVERSITAETSKLINIKUM HAMBURG ,0,"[""1"",""2""]",1,-,0,0,30-631045,0,1482
UNIVERSITAETSKLINIKUM JENA,0,"[""1"",""2""]",1,-,0,0,30-2936,0,1483
UNIVERSITAETSKLINIKUM MAGDE ,0,"[""1"",""2""]",1,-,0,0,30-631035,0,1484
UNIVERSITAETSKLINIKUM MARBURG,0,"[""1"",""2""]",1,-,0,0,30-631002,0,1485
UNIVERSITAETSKLINIKUM MUENSTER,0,"[""1"",""2""]",1,-,0,0,30-2915,0,1486
UNIVERSITAETSKLINIKUM ULM,0,"[""1"",""2""]",1,-,0,0,30-631055,0,1487
UNIVERSITAETSSPITAL BASEL,0,"[""1"",""2""]",19,-,0,0,32-995956,0,1488
UNIVERSITAETSSPITAL ZUERICH,0,"[""1"",""2""]",19,-,0,0,32-320047,0,1489
UNIVERSITAIR ZIEKENHUIS GENT,0,"[""1"",""2""]",3,-,0,0,40-683970,0,1490
UNIVERSITE DE HAUTE ALSACE,0,"[""1"",""2""]",8,-,0,0,22-10014,0,1491
UNIVERSITE DE LIEGE,0,"[""1"",""2""]",3,-,0,0,40-15890,0,1492
UNIVERSITY HOSP PLYMOUTH NHS TRUST,0,"[""1"",""2""]",17,-,0,0,14-101975,0,1493
UNIVERSITY HOSPITAL  UNIVERSITY OF,0,"[""1"",""2""]",21,"ANN ARBOR, MI",0,0,85-16687,0,1495
UNIVERSITY HOSPITAL BIRMINGHAM,0,"[""1"",""2""]",17,-,0,0,14-102370,0,1496
UNIVERSITY HOSPITAL OF CLEVELAND,0,"[""1"",""2""]",21,"CLEVELAND, OH",0,0,85-401538,0,1497
UNIVERSITY OF ILLINOIS HOSPITAL,0,"[""1"",""2""]",21,"CHICAGO, IL",0,0,85-18421,0,1500
UNIVERSITY OF OTTAWA,0,"[""1"",""2""]",4,-,0,0,55-804724,0,1501
UNIVERSITY HOSPITAL,0,"[""1"",""2""]",21,"SALT LAKE CITY, UT",0,0,85-624684,0,1502
UNIVERSITY OF WASHINGTON,0,"[""1"",""2""]",21,"SEATTLE, WA",0,0,85-13752,0,1504
UNIWERSYTECKIE CENTRUM KLINICZNE,0,"[""1"",""2""]",14,-,0,0,35-65508,0,1505
USK Bialystok,0,"[""1"",""2""]",14,-,0,0,35-74725,0,1508
USK WAM LODZ,0,"[""1"",""2""]",14,-,0,0,35-6143,0,1509
USK WROCLAW,0,"[""1"",""2""]",14,-,0,0,35-6076,0,1510
UZ BRUSSEL,0,"[""1"",""2""]",3,-,0,0,40-673170,0,1511
UZA  UNIVERSITAIR ANTWERPEN,0,"[""1"",""2""]",3,-,0,0,40-677120,0,1512
Universitetssykehuset Nord Norge HF,0,"[""1"",""2""]",23,-,0,0,25-805900,0,1513
VALLEY BAPTIST MEDICAL CENTER,0,"[""1"",""2""]",21,"HARLINGEN, TX",0,0,85-403771,0,1523
VALLEY REGIONAL MEDICAL CENTER,0,"[""1"",""2""]",21,"BROWNSVILLE, TX",0,0,85-18858,0,1527
VANCOUVER GENERAL HOSPITAL,0,"[""1"",""2""]",4,-,0,0,55-800151,0,1528
VASCOMED MEDIKAL A.S.,0,"[""1"",""2""]",211,-,0,0,Feb-67,0,1530
VICTORIA GENERAL HOSPITAL,0,"[""1"",""2""]",4,-,0,0,55-800063,0,1535
VILLA MARIA CECILIA,0,"[""1"",""2""]",10,-,0,0,01-243005,0,1537
VILLA S. ANNA SPA,0,"[""1"",""2""]",10,-,0,0,01-450000,0,1538
VINGMED DANMARK A/S,0,"[""1"",""2""]",20,-,0,0,02-650024,0,1539
VITALMEX COMERCIAL SA DE CV,0,"[""1"",""2""]",145,-,0,0,02-84298,0,1540
VOOM FOUNDATION,0,"[""1"",""2""]",247,-,0,0,9-Feb,0,1541
VU Medisch Centrum,0,"[""1"",""2""]",13,-,0,0,90-315,0,1542
VZW AZ MARIA MIDDELARES GENT,0,"[""1"",""2""]",3,-,0,0,40-683930,0,1543
VZW JESSA Ziekenhuis,0,"[""1"",""2""]",3,-,0,0,40-3999,0,1544
WACSAD LIMITED,0,"[""1"",""2""]",246,-,0,0,02-85045,0,1546
WAIKATO HOSPITAL,2,"[""2""]",27,Hamilton,1,0,58-58640,0,1547
WAKEFIELD PRIVATE HOSPITAL,0,"[""1"",""2""]",24,-,0,0,58-58504,0,1549
WARRINGAL PRIVATE HOSPITAL,0,"[""1"",""2""]",24,-,0,0,58-58306,0,1550
WASHINGTON REGIONAL MEDICAL,0,"[""1"",""2""]",21,"FAYETTEVILLE, AR",0,0,85-250616,0,1553
WCM OPOLE,0,"[""1"",""2""]",14,-,0,0,35-61560,0,1556
WELLINGTON HOSPITAL,0,"[""1"",""2""]",17,-,0,0,14-101470,0,1557
WELLSPAN YORK HOSPITAL,0,"[""1"",""2""]",21,"YORK, PA",0,0,85-18557,0,1558
WESTMEAD PRIVATE HOSPITAL,0,"[""1"",""2""]",24,-,0,0,58-58215,0,1565
WESTPFALZ KLINIKUM GMBH,0,"[""1"",""2""]",1,-,0,0,30-3441,0,1566
WILLIAM P CLEMENTS JR UNIVERSITY,0,"[""1"",""2""]",21,"DALLAS, TX",0,0,85-910050,0,1568
WIM SZASERoW WARSZAWA,0,"[""1"",""2""]",14,-,0,0,35-12874,0,1569
WL MEDICAL OY,0,"[""1"",""2""]",7,-,0,0,02-650027,0,1571
WOJEWODZKI SPECJALISTYCZNY SZPITAL,0,"[""1"",""2""]",14,-,0,0,35-10539,0,1572
WOJEWODZKI SZPITAL,0,"[""1"",""2""]",14,-,0,0,35-84380,0,1573
WORLDMED LTD,0,"[""1"",""2""]",110,-,0,0,02-995726,0,1574
WSS OLSZTYN,0,"[""1"",""2""]",14,-,0,0,01-85111,0,1575
WYOMING MEDICAL CENTER,0,"[""1"",""2""]",21,"CASPER, WY",0,0,85-11668,0,1580
WYTHENSHAWE HOSPITAL  000,0,"[""1"",""2""]",17,-,0,0,14-102470,0,1581
Wels,0,"[""1"",""2""]",2,-,0,0,34-4587,0,1582
World Medica Brasil Com. Prod.Med.L,0,"[""1"",""2""]",58,-,0,0,95-15262,0,1583
Wuhan Jiahui Daocheng Trade Co,0,"[""1"",""2""]",5,-,0,0,02-16177,0,1584
XELTIS AG,0,"[""1"",""2""]",19,-,0,0,32-15644,0,1585
YECO  YEMEN ECONOMICAL CORP,0,"[""1"",""2""]",123,-,0,0,21-Feb,0,1587
YUMA REGIONAL MEDICAL CENTER,0,"[""1"",""2""]",21,"YUMA, AZ",0,0,85-100829,0,1590
ZENTRALKLINIK BAD BERKA GMBH,0,"[""1"",""2""]",1,-,0,0,30-3674,0,1591
"ZHEJIANG DEVELOPING TRADE CO.,LTD",0,"[""1"",""2""]",5,-,0,0,02-85190,0,1592
ZIEKENHUIS NETWERK ANTWERPEN,0,"[""1"",""2""]",3,-,0,0,40-676210,0,1593
ZIEKENHUIS OOST LIMBURG,0,"[""1"",""2""]",3,-,0,0,40-678380,0,1594
Zhejiang Cachet Jetboom Medical Co,0,"[""1"",""2""]",5,-,0,0,02-13030,0,1595
Zorgservice XL  Haga,0,"[""1"",""2""]",13,-,0,0,90-4893,0,1596
AKH Linz,0,"[""1"",""2""]",2,-,0,0,34-4547,0,1601
ALVARADO HOSP LLC,0,"[""1"",""2""]",21,"SAN DIEGO, CA",0,0,85-910969,0,1603
ARIZONA HEART HOSP,0,"[""1"",""2""]",21,"PHOENIX, AZ",0,0,85-141258,0,1604
BIOMENCO S.L.,0,"[""1"",""2""]",6,-,0,0,60-12329,0,1613
C.H.U. DE LIEGE,0,"[""1"",""2""]",3,-,0,0,40-678970,0,1616
CENTRAL FLORIDA REG HOSP,0,"[""1"",""2""]",21,"SANFORD, FL",0,0,85-401335,0,1621
BOSTON CHILDRENS HOSPITAL,0,"[""1"",""2""]",21,"BOSTON, MA",0,0,85-410739,0,1624
FLAGLER HOSP,0,"[""1"",""2""]",21,"ST AUGUSTINE, FL",0,0,85-100614,0,1642
FLORIDA HOSP,0,"[""1"",""2""]",21,"ALTAMONTE SPRINGS, FL",0,0,85-310686,0,1643
FONDAZIONE DI RICERCA E CURA,0,"[""1"",""2""]",10,-,0,0,Jan-74,0,1645
HARLINGEN MEDICAL CENTER,0,"[""1"",""2""]",21,"HARLINGEN, TX",0,0,85-100901,0,1651
HOSPITAL LOGISERVE GMBH,0,"[""1"",""2""]",1,-,0,0,30-995231,0,1662
HUNTSVILLE HOSP,0,"[""1"",""2""]",21,"HUNTSVILLE, AL",0,0,85-110830,0,1665
JACKSON HOSP & CLINIC,0,"[""1"",""2""]",21,"MONTGOMERY, AL",0,0,85-910864,0,1667
L.M. HEALTHCARE SRL,0,"[""1"",""2""]",10,-,0,0,02-13283,0,1672
MSS RADOM,0,"[""1"",""2""]",14,-,0,0,35-10695,0,1680
MCLAREN REG MED CTR,0,"[""1"",""2""]",21,"FLINT, MI",0,0,85-910733,0,1681
MEDICLIN GMBH & CO. KG,0,"[""1"",""2""]",1,-,0,0,30-632275,0,1684
MEDINET WROCLAW,0,"[""1"",""2""]",14,-,0,0,35-84450,0,1685
MOSES CONE MEM HOSP,0,"[""1"",""2""]",21,"GREENSBORO, NC",0,0,85-910761,0,1697
NEOMEDICA D.O.O. BEOGRAD,0,"[""1"",""2""]",74,-,0,0,25-Feb,0,1703
NEW YORK PRESBYTERIAN,0,"[""1"",""2""]",21,"MANHATTAN, NY",0,0,85-910430,0,1704
NORTH KANSAS CITY HOSP,0,"[""1"",""2""]",21,"NORTH KANSAS CITY, MO",0,0,85-625218,0,1707
NORTHEAST GEORGIA HEALTH SYSTE,0,"[""1"",""2""]",21,"GAINESVILLE, GA",0,0,85-100531,0,1709
NORTHERN MICHIGAN HOSP INC,0,"[""1"",""2""]",21,"PETOSKEY, MI",0,0,85-910731,0,1710
OVERLAKE HOSP,0,"[""1"",""2""]",21,"BELLEVUE, WA",0,0,85-110855,0,1718
PENINSULA GEN HOSP,0,"[""1"",""2""]",21,"SALISBURY, MD",0,0,85-210643,0,1720
POLICLINICO DI MONZA SPA (AL),0,"[""1"",""2""]",10,-,0,0,Jan-59,0,1723
PROVENTIS CARE SOLUTIONS  AG,0,"[""1"",""2""]",1,-,0,0,32-15553,0,1729
SALINA REG HEALTH CTR,0,"[""1"",""2""]",21,"SALINA, KS",0,0,85-101013,0,1738
SAMODZIELNY PUBLICZNY SZPITAL,0,"[""1"",""2""]",14,-,0,0,35-74996,0,1739
SAN ANTONIO REGIONAL HOSPITAL,0,"[""1"",""2""]",21,"UPLAND, CA",0,0,85-411381,0,1740
SANTA MARIA SPA,0,"[""1"",""2""]",10,-,0,0,01-420005,0,1742
QINGPU DISTRICT NO.19,0,"[""1"",""2""]",5,-,0,0,02-17804,0,1746
SCCHS ZABRZE,0,"[""1"",""2""]",14,-,0,0,35-74300,0,1749
SOUTH GEORGIA MED CTR,0,"[""1"",""2""]",21,"VALDOSTA, GA",0,0,85-100414,0,1750
ST CLOUD HOSPITAL,0,"[""1"",""2""]",21,"SAINT CLOUD, MN",0,0,85-610776,0,1752
ST ELIZABETH MED CTR,0,"[""1"",""2""]",21,"O'FALLON, IL",0,0,85-710532,0,1754
ST GEORGE PUBLIC HOSPITAL,0,"[""1"",""2""]",24,-,0,0,58-58644,0,1756
ST VINCENT HEART CTR OF IN,0,"[""1"",""2""]",21,"INDIANAPOLIS, IN",0,0,85-210309,0,1769
ASCENSION ST VINCENTS,0,"[""1"",""2""]",21,"JACKSONVILLE, FL",0,0,85-310236,0,1771
ST VINCENT S PRIVATE HOSP SYD,0,"[""1"",""2""]",24,-,0,0,58-58304,0,1772
STANFORD HOSP & CLINICS,0,"[""1"",""2""]",21,"STANFORD, CA",0,0,85-410795,0,1776
STATE PHARMACEUTICALS,0,"[""1"",""2""]",197,-,0,0,93-999072,0,1777
UF HEALTH JACKSONVILLE,0,"[""1"",""2""]",21,"JACKSONVILLE, FL",0,0,85-310800,0,1783
UNIMED RECIFE COOP. DE TRABALHO MED,0,"[""1"",""2""]",58,-,0,0,95-18118,0,1784
UNIVERSITY HOSPITALS OF LEICESTER,0,"[""1"",""2""]",17,-,0,0,14-102380,0,1796
WASHINGTON DC VA MEDICAL CENTE,0,"[""1"",""2""]",21,"WASHINGTON, DC",0,0,85-624823,0,1803
VILLA TORRI HOSPITAL S.R.L.,2,"[""1"",""2""]",10,Bologna,1,1,23-Jan,0,1810
VIRGINIA HOSPITAL CTR,0,"[""1"",""2""]",21,"ARLINGTON, VA",0,0,85-110687,0,1811
VITALMEX COMERCIAL SA DE CV,0,"[""1"",""2""]",145,-,0,0,93-999034,0,1812
WOJEWODZKI SZPITAL,0,"[""1"",""2""]",14,-,0,0,35-85111,0,1819
YAVAPAI REG MED CTR,0,"[""1"",""2""]",21,"PRESCOTT, AZ",0,0,85-100641,0,1820
Sao Joaquim Beneficencia Portuguesa,3,"[""2""]",58,"Rua Maestro Cardim, 769, Liberdade - Sao Paolo",0,0,,0,1823
Rajaei Cardiovascular Medical &amp; Research Center,3,"[""2""]",112,Theran,0,0,NA,0,1824
Severance Hospital - Yonsei Univeristy Hospital,3,"[""2""]",28,Seoul,0,0,NA,0,1825
Polisano Clinica,3,"[""2""]",36,Sibiu,0,0,NA,0,1826
Osaka University Hospital,5,"[""2""]",11,Osaka,0,0,NA,0,1830
National Cerebral and Cardiovascular Center Hospital,5,"[""2""]",11,Osaka,0,0,NA,0,1831
Tokyo Bay Urayasu Ichikawa Medical Center,5,"[""2""]",11,Chiba,0,0,NA,0,1832
Kawasaki Saiwai Hospital,5,"[""2""]",11,Kanagawa,0,0,NA,0,1833
Jichi Medical University Saitama Medical Center,5,"[""2""]",11,Saitama,0,0,NA,0,1834
Kokura Memorial Hospital,5,"[""2""]",11,Fukuoka,0,0,NA,0,1835
Sakakibara Heart Institute of Okayama,5,"[""2""]",11,Okayama,0,0,NA,0,1836
Chiba Nishi General Hospital,5,"[""2""]",11,Chiba,0,0,NA,0,1837
Kyusyu University Hospital,5,"[""2""]",11,Fukuoka,0,0,NA,0,1838
Kurashiki Central Hospital,5,"[""2""]",11,Okayama,0,0,NA,0,1839
Tokushima Red Cross Hospital,5,"[""2""]",11,Tokushima,0,0,NA,0,1840
Iwate Medical University Hospital,5,"[""2""]",11,Iwate,0,0,NA,0,1841
Juntendo University Hospital,5,"[""2""]",11,Tokyo,0,0,NA,0,1842
Japanese Red Cross Nagoya Daiichi Hospital,5,"[""2""]",11,Aichi,0,0,NA,0,1843
Keio University Hospital,5,"[""2""]",11,Tokyo,0,0,NA,0,1844
Teikyo University Hospital,5,"[""2""]",11,Tokyo,0,0,NA,0,1845
Hyogo College of Medicine Hospital,5,"[""2""]",11,Hyogo,0,0,NA,0,1846
Newheart Watanabe Institute,5,"[""2""]",11,Tokyo,0,0,NA,0,1847
Saiseikai Yokohamashi Tobu Hospital,5,"[""2""]",11,Kanagawa,0,0,NA,0,1848
Asahikawa Medical University,5,"[""2""]",11,Hokkaido,0,0,NA,0,1849
Tokyo Women's Medical University Hospital,5,"[""2""]",11,Tokyo,0,0,NA,0,1850
OO.RR. San Giovanni di Dio Ruggi d&#39;Aragona,5,"[""2""]",10,Salerno,0,0,NA,0,1851
ECMO training,4,"[""12""]",211,"Italy, Milan",0,0,NA,0,1852
incident management,2,"[""10""]",188,Berlin,0,0,NA,0,1853
Saud Al Babtain Cardiac Center,1,"[""2""]",188,"Ghirnatah, 5443 King Khalid, Dammam 32245-8443,",0,0,NA,0,1854
Hospital Ceske Budejovice,4,"[""2""]",16,Ceske Budejovice,0,0,NA,0,1855
Sakakibara Heart Institute,3,"[""2""]",11,Tokyo,0,0,NA,0,1856
Kindai University Hospital,2,"[""2""]",11,Osaka,0,0,NA,0,1857
UNIVERSITY OF MIAMI HOSPITAL,8,"[""1"",""2""]",21,"MIAML, FL",1,0,85-16520,0,1859
REX HOSPITAL,0,"[""1"",""2""]",21,"RALEIGH, NC",0,0,85-625695,0,1861
MCLEOD REGIONAL MEDICAL CENTER,0,"[""1"",""2""]",21,"FLORENCE, SC",0,0,85-403203,0,1862
UNIVERSITY OF CINCINNATI MEDICAL CE,0,"[""1"",""2""]",21,"CINCINNATI, OH",0,0,85-18955,0,1863
MERCY HOSPITAL NORTHWEST ARKANSAS,0,"[""1"",""2""]",21,"ROGERS, AR",0,0,85-15903,0,1864
VA PALO ALTO,0,"[""1"",""2""]",21,"PALO ALTO, CA",0,0,85-411261,0,1865
UPMC PASSAVANT MCCANDLESS,0,"[""1"",""2""]",21,"PITTSBURGH, PA",0,0,85-18553,0,1867
MILWAUKEE VA MEDICAL CENTER,0,"[""1"",""2""]",21,"MILWAUKEE, WI",0,0,85-951093,0,1868
ROBERT WOODS JOHNSON UNIVERSITY,0,"[""1"",""2""]",21,"NEW BRUNSWICK, NJ",0,0,85-18913,0,1870
Eternal Multispecialty Hospital,0,"[""1"",""2""]",110,Jaipur,0,0,NA,0,1873
Linkou Chang Gung Memorial Hospital,0,"[""2""]",203,Taoyuan City,0,0,NA,0,1874
Kobe City Medical Center General Hospital,3,"[""2""]",11,Hyogo,0,0,NA,0,1877
Tohoku University Hospital,3,"[""2"",""3""]",11,Miyagi,0,0,NA,0,1878
MEDSTAR UNION MEMORIAL HOSPITAL,0,"[""1"",""2""]",21,"BALTIMORE, MD",0,0,85-19335,0,1879
FLORIDA MEDICAL CENTER,0,"[""1"",""2""]",21,"FORT LAUDERDALE, FL",0,0,85-18409,0,1880
UNITYPOINT HEALTH,0,"[""1"",""2""]",21,"DES MOINES, IA",0,0,85-16753,0,1882
ST VINCENT INDIANAPOLIS HOSPITAL,0,"[""1"",""2""]",21,"INDIANAPOLIS, IN",0,0,85-100992,0,1883
ST ELIZABETHS MEDICAL CENTER,0,"[""1"",""2""]",21,"BOSTON, MA",0,0,85-402659,0,1885
CHU FORT DE FRANCE,0,"[""2""]",8,FORT DE FRANCE,0,0,22-993000,0,1886
DOCTORS HOSPITAL,0,"[""1"",""2""]",21,"EDINBURG, TX",0,0,85-401377,0,1887
RAPID CITY REG HOSP,0,"[""1"",""2""]",21,"RAPID CITY, SD",0,0,85-19214,0,1888
LOYOLA UNIV MED CTR,0,"[""1"",""2""]",21,"MAYWOOD, IL",0,0,85-401071,0,1889
CLEVELAND VA MEDICAL CENTER - WADE,3,"[""2"",""3""]",21,"CLEVELAND, OH",0,0,85-110963,0,1890
CAROLINAS HEALTHCARE SYSTEM,3,"[""1"",""2"",""3""]",21,"CONCORD, NC",0,0,85-403781,0,1893
NEWARK BETH ISRAEL MED CTR,3,"[""1"",""2"",""3""]",21,"NEWARK, NJ",0,0,85-620202,0,1894
MEDSTAR WASHINGTON HOSPITAL CE,3,"[""1"",""2"",""3""]",21,"WASHINGTON, DC",0,0,85-19123,0,1895
FROEDTERT HOSPITAL,3,"[""1"",""2"",""3""]",21,"MILWAUKEE, WI",0,0,85-19409,0,1896
REGIONAL HOSPITAL OF SCRANTON,3,"[""1"",""2"",""3""]",21,"SCRANTON, PA",0,0,85-17023,0,1897
NEBRASKA MEDICINE,3,"[""1"",""2"",""3""]",21,"OMAHA, NE",0,0,85-19730,0,1898
CORPUS CHRISTI MEDICAL CENTER,3,"[""1"",""2"",""3""]",21,"CORPUS CHRISTI, TX",0,0,85-620517,0,1899
GEORGE WASHINGTON UNIVERSITY H,3,"[""1"",""2"",""3""]",21,"WASHINGTON, DC",0,0,85-18571,0,1900
SALEM HEALTH - SALEM HOSPITAL,3,"[""1"",""2"",""3""]",21,"SALEM, OR",0,0,85-18593,0,1901
MASSACHUSETTS GENERAL HOSPITAL,3,"[""1"",""2"",""3""]",21,"BOSTON, MA",0,0,85-18211,0,1902
UPSTATE UNIVERSITY HOSPITAL,3,"[""1"",""2"",""3""]",21,"SYRACUSE, NY",0,0,85-16243,0,1903
ASCENSION ST VINCENT HOSPITAL,3,"[""1"",""2"",""3""]",21,"BIRMINGHAM, AL",0,0,85-18799,0,1904
DANBURY HOSPITAL,3,"[""1"",""2"",""3""]",21,"DANBURY, CT",0,0,85-19222,0,1905
VALLEY BAPTIST MEDICAL CENTER,3,"[""1"",""2"",""3""]",21,"BROWNSVILLE, TX",0,0,85-19119,0,1906
MUNSON MEDICAL CENTER,3,"[""1"",""2"",""3""]",21,"TRAVERSE CITY, MI",0,0,85-19334,0,1907
PENN PRESBYTERIAN MEDICAL CENT,3,"[""1"",""2"",""3""]",21,"PHILADELPHIA, PA",0,0,85-19458,0,1908
ST JOSEPH HOSPITAL,3,"[""1"",""2"",""3""]",21,"TAMPA, FL",0,0,85-18036,0,1909
MEMORIALCARE LONG BEACH MEDICA,3,"[""1"",""2"",""3""]",21,"LONG BEACH, CA",0,0,85-16507,0,1910
LAKELAND REGIONAL MEDICAL CENT,3,"[""1"",""2"",""3""]",21,"SAINT JOSEPH, MI",0,0,85-19175,0,1911
SOUTH MIAMI HOSPITAL,3,"[""1"",""2"",""3""]",21,"MIAMI, FL",0,0,85-620239,0,1912
HONORHEALTH SCOTTSDALE SHEA,3,"[""1"",""2"",""3""]",21,"SCOTTSDALE, AZ",0,0,85-620732,0,1913
SANFORD BISMARCK MEDICAL CENTE,3,"[""1"",""2"",""3""]",21,"BISMARCK, ND",0,0,85-18388,0,1914
UMASS MEMORIAL MEDICAL CENTER,3,"[""1"",""2"",""3""]",21,"WORCESTER, MA",0,0,85-401593,0,1915
SCRIPPS MEMORIAL HOSPITAL LA J,3,"[""1"",""2"",""3""]",21,"LA JOLLA, CA",0,0,85-620377,0,1916
OHIO HEALTH MANSFIELD HOSPITAL,3,"[""1"",""2"",""3""]",21,"MANSFIELD, OH",0,0,85-16262,0,1917
GUNDERSEN LUTHERAN MEDICAL CTR,3,"[""1"",""2"",""3""]",21,"LA CROSSE, WI",0,0,85-19250,0,1918
PORT HURON HOSP,3,"[""1"",""2"",""3""]",21,"PORT HURON, MI",0,0,85-310887,0,1919
RHODE ISLAND HOSPITAL,3,"[""1"",""2"",""3""]",21,"PROVIDENCE, RI",0,0,85-18099,0,1920
BAYLOR SCOTT & WHITE ALL SAINT,3,"[""1"",""2"",""3""]",21,"FT WORTH, TX",0,0,85-620373,0,1921
ROCKLEDGE REGIONAL MEDICAL CEN,3,"[""1"",""2"",""3""]",21,"ROCKLEDGE, FL",0,0,85-18212,0,1922
ST DAVIDS MEDICAL CENTER,3,"[""1"",""2"",""3""]",21,"AUSTIN, TX",0,0,85-18865,0,1923
OSUHS MAIN CAMPUS HOSP,3,"[""1"",""2"",""3""]",21,"COLUMBUS, OH",0,0,85-18210,0,1924
THE MEDICAL CENTER OF SE TEXAS,3,"[""1"",""2"",""3""]",21,"PORT ARTHUR, TX",0,0,85-19263,0,1925
BAPTIST HEALTH - FORT SMITH,3,"[""1"",""2"",""3""]",21,"FORT SMITH, AR",0,0,85-19446,0,1926
MCLAREN MACOMB (AKA: MOUNT CLE,3,"[""1"",""2"",""3""]",21,"MOUNT CLEMENS, MI",0,0,85-620039,0,1927
MERCY MEDICAL CENTER REDDING,3,"[""1"",""2"",""3""]",21,"REDDING, CA",0,0,85-19277,0,1928
UPMC PINNACLE HARRISBURG,3,"[""1"",""2"",""3""]",21,"HARRISBURG, PA",0,0,85-16004,0,1929
MT CARMEL WEST HOSP,3,"[""1"",""2"",""3""]",21,"COLUMBUS, OH",0,0,85-620085,0,1930
DIGNITY HEALTH ST MARYS MEDICA,3,"[""1"",""2"",""3""]",21,"SAN FRANCISCO, CA",0,0,85-620727,0,1931
LANCASTER GEN HOSP,3,"[""1"",""2"",""3""]",21,"LANCASTER, PA",0,0,85-400607,0,1932
MEMORIAL HERMANN MEMORIAL CITY,3,"[""1"",""2"",""3""]",21,"HOUSTON, TX",0,0,85-620359,0,1933
UF HEALTH SHANDS HOSPITAL,3,"[""1"",""2"",""3""]",21,"GAINESVILLE, FL",0,0,85-17119,0,1934
UNIVERSITY OF MARYLAND ST JOSE,3,"[""1"",""2"",""3""]",21,"TOWSON, MD",0,0,85-18708,0,1935
GOOD SAMARITAN HOSPITAL,3,"[""1"",""2"",""3""]",21,"WEST ISLIP, NY",0,0,85-18706,0,1936
UVA HEALTH SYSTEM AKA UNIVERSI,3,"[""1"",""2"",""3""]",21,"CHARLOTTESVILLE, VA",0,0,85-403390,0,1937
THE UNIVERSITY OF VERMONT MED,3,"[""1"",""2"",""3""]",21,"BURLINGTON, VT",0,0,85-19584,0,1938
UTMB HEALTH JOHN SEALY HOSPITA,3,"[""1"",""2"",""3""]",21,"GALVESTON, TX",0,0,85-910139,0,1939
HOUSTON METHODIST SUGARLAND,3,"[""1"",""2"",""3""]",21,"SUGAR LAND, TX",0,0,85-620790,0,1940
ADVENTHEALTH ORLANDO,3,"[""1"",""2"",""3""]",21,"ORLANDO, FL",0,0,85-400455,0,1941
ORANGE COUNTY GLOBAL MEDICAL C,3,"[""1"",""2"",""3""]",21,"SANTA ANA, CA",0,0,85-400282,0,1942
UNIVERSITY OF COLORADO HEALTH,3,"[""1"",""2"",""3""]",21,"AURORA, CO",0,0,85-402293,0,1943
SPRING VALLEY HOSP,3,"[""1"",""2"",""3""]",21,"LAS VEGAS, NV",0,0,85-620455,0,1944
FREEMAN HEALTH SYSTEM,3,"[""1"",""2"",""3""]",21,"JOPLIN, MO",0,0,85-19424,0,1945
COVENANT HEALTHCARE,3,"[""1"",""2"",""3""]",21,"SAGINAW, MI",0,0,85-18972,0,1946
STAMFORD HOSPITAL,3,"[""1"",""2"",""3""]",21,"STAMFORD, CT",0,0,85-19389,0,1947
PIEDMONT MEDICAL CENTER,3,"[""1"",""2"",""3""]",21,"ROCK HILL, SC",0,0,85-18484,0,1948
MEMORIAL HOSPITAL BELLEVILLE,3,"[""1"",""2"",""3""]",21,"BELLEVILLE, IL",0,0,85-620340,0,1949
MIAMI VALLEY HOSPITAL,3,"[""1"",""2"",""3""]",21,"DAYTON, OH",0,0,85-18702,0,1950
ST RITAS MEDICAL CENTER,3,"[""1"",""2"",""3""]",21,"LIMA, OH",0,0,85-17955,0,1951
REGIONAL MEDICAL CENTER BAYONE,3,"[""1"",""2"",""3""]",21,"HUDSON, FL",0,0,85-18334,0,1952
NORTHWEST MEDICAL CENTER,3,"[""1"",""2"",""3""]",21,"MARGATE, FL",0,0,85-18756,0,1953
NEW YORK PRESBYTERIAN WEILL-CO,3,"[""1"",""2"",""3""]",21,"NEW YORK, NY",0,0,85-19941,0,1954
GOOD SAMARITAN HOSPITAL,3,"[""1"",""2"",""3""]",21,"LOS ANGELES, CA",0,0,85-401431,0,1955
PORTSMOUTH REGIONAL HOSPITAL,3,"[""1"",""2"",""3""]",21,"PORTSMOUTH, NH",0,0,85-18848,0,1956
DARTMOUTH HITCHCOCK MEDICAL CE,3,"[""1"",""2"",""3""]",21,"LEBANON, NH",0,0,85-16860,0,1957
RIVERSIDE COMMUNITY HOSPITAL,3,"[""1"",""2"",""3""]",21,"RIVERSIDE, CA",0,0,85-403684,0,1958
GLENDALE ADVENTIST HOSPITAL,3,"[""1"",""2"",""3""]",21,"GLENDALE, CA",0,0,85-310920,0,1959
LENOX HILL HOSPITAL,3,"[""1"",""2"",""3""]",21,"NEW YORK, NY",0,0,85-16574,0,1960
OKLAHOMA UNIVERSITY MEDICAL CE,3,"[""1"",""2"",""3""]",21,"OKLAHOMA CITY, OK",0,0,85-18851,0,1961
ST LUKES BAPTIST HOSPITAL,3,"[""1"",""2"",""3""]",21,"SAN ANTONIO, TX",0,0,85-620388,0,1962
UC DAVIS MEDICAL CENTER,3,"[""1"",""2"",""3""]",21,"SACRAMENTO, CA",0,0,85-19149,0,1963
RONALD REAGAN UCLA MEDICAL CEN,3,"[""1"",""2"",""3""]",21,"LOS ANGELES, CA",0,0,85-15336,0,1964
MOUNT SINAI ST LUKES,3,"[""1"",""2"",""3""]",21,"NEW YORK, NY",0,0,85-402750,0,1965
WHEELING HOSPITAL,3,"[""1"",""2"",""3""]",21,"WHEELING, WV",0,0,85-19360,0,1966
ASANTE ROGUE REGIONAL MEDICAL,3,"[""1"",""2"",""3""]",21,"MEDFORD, OR",0,0,85-19293,0,1967
PARK NICOLLETT HEART AND VASC,3,"[""1"",""2"",""3""]",21,"ST LOUIS PARK, MN",0,0,85-402173,0,1968
HAYS MEDICAL CENTER,3,"[""1"",""2"",""3""]",21,"HAYS, KS",0,0,85-19312,0,1969
MAYO CLINIC,3,"[""1"",""2"",""3""]",21,"JACKSONVILLE, FL",0,0,85-403336,0,1970
INDIAN RIVER MEMORIAL HOSPITAL,3,"[""1"",""2"",""3""]",21,"VERO BEACH, FL",0,0,85-310933,0,1971
MEDICAL CENTER OF THE ROCKIES,3,"[""1"",""2"",""3""]",21,"LOVELAND, CO",0,0,85-16397,0,1972
MOUNT CARMEL ST ANNS HOSPITIAL,3,"[""1"",""2"",""3""]",21,"WESTERVILLE, OH",0,0,85-18548,0,1973
BAYFRONT HEALTH PORT CHARLOTTE,3,"[""1"",""2"",""3""]",21,"PORT CHARLOTTE, FL",0,0,85-16010,0,1974
TEXAS HEALTH PRESBYTERIAN HOSP,3,"[""1"",""2"",""3""]",21,"DENTON, TX",0,0,85-18958,0,1975
PROVIDENCE ALASKA MEDICAL,3,"[""1"",""2"",""3""]",21,"ANCHORAGE, AK",0,0,85-17091,0,1976
UAB HOSPITAL,3,"[""1"",""2"",""3""]",21,"BIRMINGHAM, AL",0,0,85-19235,0,1977
UNIVERSITY MEDICAL CENTER,3,"[""1"",""2"",""3""]",21,"TUCSON, AZ",0,0,85-403083,0,1978
OUR LADY OF LOURDES,3,"[""1"",""2"",""3""]",21,"CAMDEN, NJ",0,0,85-18142,0,1979
CONEMAUGH MEM MED CTR,3,"[""1"",""2"",""3""]",21,"JOHNSTOWN, PA",0,0,85-410904,0,1980
CAMDEN CLARK MEDICAL CENTER,3,"[""1"",""2"",""3""]",21,"PARKERSBURG, WV",0,0,85-15896,0,1981
PIEDMONT HEALTHCARE,3,"[""1"",""2"",""3""]",21,"ATLANTA, GA",0,0,85-18096,0,1982
UTMB HEALTH JENNIE SEALY HOSPI,3,"[""1"",""2"",""3""]",21,"GALVESTON, TX",0,0,85-19265,0,1983
FT WALTON BEACH MED CTR,3,"[""1"",""2"",""3""]",21,"FT WALTON BEACH, FL",0,0,85-620597,0,1984
BON SECOURS ST MARYS HOSPITAL,3,"[""1"",""2"",""3""]",21,"RICHMOND, VA",0,0,85-620404,0,1985
AHUJA MEDICAL CENTER,3,"[""1"",""2"",""3""]",21,"BEACHWOOD, OH",0,0,85-620331,0,1986
GRANDVIEW MEDICAL CENTER,3,"[""1"",""2"",""3""]",21,"DAYTON, OH",0,0,85-11619,0,1987
ALASKA REGIONAL HOSPITAL,3,"[""1"",""2"",""3""]",21,"ANCHORAGE, AK",0,0,85-18617,0,1988
ST LOUIS UNIVERSITY HOSPITAL,3,"[""1"",""2"",""3""]",21,"ST LOUIS, MO",0,0,85-12698,0,1989
MISHAWAKA MEDICAL CENTER,3,"[""1"",""2"",""3""]",21,"MISHAWAKA, IN",0,0,85-18681,0,1990
ROBERT WOOD JOHNSON UNIVERSITY,3,"[""1"",""2"",""3""]",21,"WEST LONG BRANCH, NJ",0,0,85-100415,0,1991
CITRUS VALLEY-INTERCOMMUNITY,3,"[""1"",""2"",""3""]",21,"COVINA, CA",0,0,85-100418,0,1992
MEDICAL CENTER HOSPITAL,3,"[""1"",""2"",""3""]",21,"ODESSA, TX",0,0,85-19332,0,1993
MCALLEN HEART HOSPITAL,3,"[""1"",""2"",""3""]",21,"MCALLEN, TX",0,0,85-620168,0,1994
EASTERN MAINE MEDICAL CENTER,3,"[""1"",""2"",""3""]",21,"BANGOR, ME",0,0,85-19233,0,1995
BANNER DESERT MEDICAL CENTER,3,"[""1"",""2"",""3""]",21,"MESA, AZ",0,0,85-620143,0,1996
PEACEHEALTH ST JOSEPH MEDICAL,3,"[""1"",""2"",""3""]",21,"BELLINGHAM, WA",0,0,85-18530,0,1997
ADVENTHEALTH WATERMAN,3,"[""1"",""2"",""3""]",21,"TAVARES, FL",0,0,85-16747,0,1998
CON-NECT SUPPLIES LLC,3,"[""1"",""2"",""3""]",21,"ELLENDALE, TN",0,0,85-100453,0,1999
BLANCHARD VALLEY HEALTH SYSTEM,3,"[""1"",""2"",""3""]",21,"FINDLAY, OH",0,0,85-100733,0,2000
RIVERSIDE REGIONAL MEDICAL CEN,3,"[""1"",""2"",""3""]",21,"NEWPORT NEWS, VA",0,0,85-19161,0,2001
JACKSON MEMORIAL HOSPITAL,3,"[""1"",""2"",""3""]",21,"MIAMI, FL",0,0,85-403168,0,2002
TAMPA GENERAL HOSPITAL,3,"[""1"",""2"",""3""]",21,"TAMPA, FL",0,0,85-620232,0,2003
THE QUEENS MEDICAL CENTER,3,"[""1"",""2"",""3""]",21,"HONOLULU, HI",0,0,85-18601,0,2004
HONORHEALTH DEER VALLEY,3,"[""1"",""2"",""3""]",21,"PHOENIX, AZ",0,0,85-19318,0,2005
TOMBALL REG HOSP,3,"[""1"",""2"",""3""]",21,"TOMBALL, TX",0,0,85-100430,0,2006
ST ALPHONSUS REGIONAL MEDICAL,3,"[""1"",""2"",""3""]",21,"BOISE, ID",0,0,85-19130,0,2007
ASCENSION COLUMBIA ST MARYS,3,"[""1"",""2"",""3""]",21,"MILWAUKEE, WI",0,0,85-18157,0,2008
JOHN MUIR MEDICAL CENTER,3,"[""1"",""2"",""3""]",21,"CONCORD, CA",0,0,85-19261,0,2009
KETTERING MED CTR,3,"[""1"",""2"",""3""]",21,"KETTERING, OH",0,0,85-620633,0,2010
LEE MEMORIAL HOSPITAL,3,"[""1"",""2"",""3""]",21,"FORT MYERS, FL",0,0,85-19325,0,2011
WHITE OAK MEDICAL CENTER,3,"[""1"",""2"",""3""]",21,"SILVER SPRING, MD",0,0,85-21685,0,2012
DMC SINAI GRACE HOSPITAL,3,"[""1"",""2"",""3""]",21,"DETROIT, MI",0,0,85-18971,0,2013
MONONGALIA GENERAL HOSPITAL,3,"[""1"",""2"",""3""]",21,"MORGANTOWN, WV",0,0,85-310812,0,2014
WESTSIDE REGIONAL MEDICAL CENT,3,"[""1"",""2"",""3""]",21,"PLANTATION, FL",0,0,85-18744,0,2015
METHODIST LE BONHEUR,3,"[""1"",""2"",""3""]",21,"GERMANTOWN, TN",0,0,85-21902,0,2016
HERSHEY MEDICAL CENTER,3,"[""1"",""2"",""3""]",21,"HERSHEY, PA",0,0,85-620316,0,2017
LUCILE PACKARD CHILDRENS HOSPI,3,"[""1"",""2"",""3""]",21,"PALO ALTO, CA",0,0,85-100961,0,2018
MERCY MEDICAL CENTER,0,"[""1"",""2""]",21,"SIUOX CITY, IA",0,0,85-16240,0,2020
KINGS DAUGHTERS MED CTR,0,"[""1"",""2""]",21,"ASHLAND, KY",0,0,85-625267,0,2021
EXCELA HEALTH WESTMORELAND,0,"[""1"",""2""]",21,"GREENSBURG, PA",0,0,85-18075,0,2022
LOS ROBLES HOSPITAL AND MEDICAL,0,"[""1"",""2""]",21,"THOUSAND OAKS, CA",0,0,85-18747,0,2023
ADVENTIST HEALTH ST HELENA FKA ST,0,"[""1"",""2""]",21,"ST HELENA, CA",0,0,85-19009,0,2024
CEDARS-SINAI MEDICAL CENTER,0,"[""1"",""2""]",21,"LOS ANGELES, CA",0,0,85-402650,0,2025
INSTITUTE FOR CARDIOVASCULAR DISEASES DEDINJE,3,"[""2""]",190,Beograd,1,0,NA,0,2026
SEJONG GENERAL HOSPITAL,0,"[""2""]",28,INCHEON,0,0,NA,0,2027
ISSSTE Regional Hospital,1,"[""2""]",145,MONTERREY,0,0,NA,0,2028
ASAN MEDICAL CENTER,0,"[""2""]",28,Seoul,0,0,NA,0,2029
PUSAN NATIONAL UNIVERSITY YANGSAN HOSPITAL,0,"[""2""]",28,Yangsan-si,0,0,NA,0,2030
Far Eastern Memorial Hospital,2,"[""1"",""2""]",203,"No. 21?, Section 2, Nanya South Road, Banqiao District, New Taipei City",0,0,,0,2031
Far Eastern Memorial Hospital,2,"[""1"",""2""]",203,"No. 21?, Section 2, Nanya South Road, Banqiao District, New Taipei City",0,0,,0,2032
LEM MEDICAL,0,"[""1"",""2"",""3""]",10,"Largo Santa Sofia 25, Martano Lecce 73025",0,0,NA,0,2033
Herzzentrum Dresden GmbH UniversitAtsklinik,4,"[""2""]",1,"Fetscherstrasse 76,  01307 Dresden, Deutschland",1,0,NA,0,2034
IZW Universitair Zeikenhuis Antwarpen,0,"[""1""]",1,"Wilrijkstraat 10, 2650,Edegem, Belgium",0,0,NULL,0,2035
University Hospital Center Zagreb,0,"[""12""]",74,"Kispaticeva ul. 12, 10000, Zagreb",0,0,NULL,0,2036
Necmettin Erbakan University Meram Hospital,0,[],19,Turkey,0,0,NULL,0,2037
Carter VA Medical Center,0,"[""1""]",21,"120 NW 16th St.
Miami Florida 33125-1624",0,0,85-310043,0,2038
